file,area,executable_lines,covered_lines,line_percent,uncovered_lines,scope,sha256
sources/Analysis/Approximation.cs,Analysis,136,131,96.32,40 45 57 61 62,algorithm or executable support,66c4da459cd746476f648e782a0bc3bcf534bafd9d0b5913f25805a6a50386ec
sources/Analysis/ApproximationMethod.cs,Analysis,0,0,,,"no instrumented sequence points (interface, enum, delegate, or conditional code)",57a89f0adc80539079d2a463fdd5093a48ea1a1217e72d33ef2ccc79930245f3
sources/Analysis/Differential.cs,Analysis,165,160,96.97,35 39 40 147 201,algorithm or executable support,7f46c05ea6587fac27f6954ab2df8931fa486ae59d7e0a42e15ad83fb068c372
sources/Analysis/DifferentialMethod.cs,Analysis,0,0,,,"no instrumented sequence points (interface, enum, delegate, or conditional code)",3336fd093c1910b52f424640c72c94aae3c3ec350657d40aef81f2ed397059a3
sources/Analysis/Differentiation.cs,Analysis,61,52,85.25,37 54 56 85 87 116 118 147 149,algorithm or executable support,4415fb4cedfff8c68838ad920b08f2d8dbc7a6bd74cd4b64a4b2bd48db064e36
sources/Analysis/Integration.cs,Analysis,224,207,92.41,39 40 418 641 642 644 646 647 648 649 684 686 688 689 690 691 734,algorithm or executable support,742a9e993bef729cd31f664e84c2741e868d62668b6300682416560a3d124f42
sources/Analysis/IntegrationMethod.cs,Analysis,0,0,,,"no instrumented sequence points (interface, enum, delegate, or conditional code)",d0ecb002cece884d0efecbe4e6e6fc21c0563df5b3bd6e24ee02a94d5f71728f
sources/Analysis/Interpolation.cs,Analysis,115,111,96.52,35 39 40 164,algorithm or executable support,0a16958a80e104169cd5338c3bcde2942847b807a8d52278a761ec97eec1b973
sources/Analysis/InterpolationMethod.cs,Analysis,0,0,,,"no instrumented sequence points (interface, enum, delegate, or conditional code)",366ecf4ca19baf06b32ec58a4fe60efecec5995a32f23ac104113eceefe7c676
sources/Analysis/LeastSquaresOptions.cs,Analysis,88,88,100.0,,algorithm or executable support,073899ecf6ae7385549e5d35071529ee07ad8cb6e43303fe9bda478f87e55a3d
sources/Analysis/Nonlinear.cs,Analysis,95,88,92.63,38 42 43 52 208 241 274,algorithm or executable support,923c4950b0b8e822801f9aa4bc651a771d659dd779c8bc232a1d6ee5edc1a2cf
sources/Analysis/NonlinearMethod.cs,Analysis,0,0,,,"no instrumented sequence points (interface, enum, delegate, or conditional code)",567bea35c44498f7c43e14199efb215a87a53b997ed042f1c033ae2ac775e5a4
sources/Analysis/Optimization.cs,Analysis,23,23,100.0,,algorithm or executable support,1d71ec097839505c329fdea474cc4668a802ef1e5e499af021ae1a211ff26b6b
sources/Analysis/Pade.cs,Analysis,179,145,81.01,46 51 63 68 82 132 280 354 399 400 417 419 420 424 433 434 438 439 446 447 449 467 468 470 471 473 474 476 478 479 482 483 484 485,algorithm or executable support,2ec871e4c2b5ed5db1eaef0c07bea94b9409b7397ea724581957a7ccf45247c7
sources/Analysis/Roots.cs,Analysis,32,30,93.75,38 71,algorithm or executable support,48be8ed54d56bc3f5e8b6deb443185b017f9f9862ad66f24e27c4f7b7dc7c292
sources/Colorspace/AHSL.cs,Colorspace,75,69,92.0,42 43 56 57 70 71,algorithm or executable support,f3dedea2517b4831bc2530a6f07bc9a207c35ee2bc9874ff6d8340af0317f97c
sources/Colorspace/CMYK.cs,Colorspace,44,44,100.0,,algorithm or executable support,f5cb59dcd855f8b71dbbf847ab42da4d632bd6657207b13659f460bc3d1d50b8
sources/Colorspace/HSB.cs,Colorspace,81,81,100.0,,algorithm or executable support,7919c6ebe4b00896de8479cc7ff1b46061bb5b30166f660beb38a7c9c936bdd9
sources/Colorspace/HSL.cs,Colorspace,75,75,100.0,,algorithm or executable support,b363215571e68c59be5b7c45d78405108d7d9c3eb0cae2498500bcf23d8e9b87
sources/Colorspace/IColorSpace.cs,Colorspace,0,0,,,"no instrumented sequence points (interface, enum, delegate, or conditional code)",9ce250a0dc6fba0fa3d7ff9293175a5702036af38f6d85c06dd148ca9d43cde8
sources/Colorspace/LAB.cs,Colorspace,41,40,97.56,181,algorithm or executable support,570b9115f102f5a5e37639a244692f80067f25e4d5ad3f1b315509f5d0744ccf
sources/Colorspace/RGB.cs,Colorspace,128,84,65.62,111 133 141 152 195 199 207 235 248 254 255 256 257 258 259 269 373 382 391 416 425 434 448 459 468 477 499 516 518 619 620 622 624 627 639 649 659 669 679 689 699 709 719 729,algorithm or executable support,ae82f7cf7b3c23964d7f6b286dff62c6b792d50a83900b68a2bc75c939d50270
sources/Colorspace/RYB.cs,Colorspace,74,68,91.89,54 55 68 69 82 83,algorithm or executable support,bcc24f51aa283cce2bc65d688a73fc7e9b4ef397b270b11a6c83cc85b868974e
sources/Colorspace/sRGB.cs,Colorspace,31,25,80.65,41 42 55 56 69 70,algorithm or executable support,beb2e7e0af1730a5cdb2112dfabf53e43f0c69a5b93a409928317a3289c3891c
sources/Colorspace/Unknown.cs,Colorspace,58,43,74.14,43 44 57 58 71 72 129 198 207 255 264 426 435 446 466,algorithm or executable support,f398f678412fbb8ed919f64ec8ec3224ccf92590422f1ed852919f2045fc8830
sources/Colorspace/XYZ.cs,Colorspace,58,52,89.66,49 50 63 64 77 78,algorithm or executable support,d51ff1d1fd5b21eca369f6816b6d8e4e4c697a6c043fc2f2a3b50b520dd1db56
sources/Colorspace/YCbCr.cs,Colorspace,37,37,100.0,,algorithm or executable support,be2dd18ec50e80e74ab8ac2634f4906a38a05ec768a41d804eeb337db85e36b9
sources/Colorspace/YCgCo.cs,Colorspace,37,31,83.78,41 42 55 56 69 70,algorithm or executable support,954120dc2883b8fd0a7a5be0eb92b2c253fd39eabe1871bed412c21b2a916760
sources/Colorspace/YDbDr.cs,Colorspace,37,31,83.78,41 42 55 56 69 70,algorithm or executable support,5ba75daedf4e324f55a7069d5162d0321fb9af1e4ff021661751105fe4c39874
sources/Colorspace/YIQ.cs,Colorspace,37,31,83.78,41 42 55 56 69 70,algorithm or executable support,f48d831c5a225279f3f9206846e1b84e75507793d2dbe794c86bad4d9692aa01
sources/Colorspace/YPbPr.cs,Colorspace,37,31,83.78,41 42 55 56 69 70,algorithm or executable support,192190ac359d4356dbe4dc3253acd3a8d43034deb3d8c5918ed8845628c1fbcd
sources/Colorspace/YUV.cs,Colorspace,37,31,83.78,41 42 55 56 69 70,algorithm or executable support,35ae0a989c98515710b686c11ce6953596a0c3c07ba5c57aa1fb62987dd0f02c
sources/Core/Complex32.cs,Core,65,48,73.85,326 335 344 353 371 380 389 398 413 425 426 428 430 431 433 443 535,algorithm or executable support,b9368d0cf49b59ecf585686f93917c40a2c62c1dd27c359645995128e047165e
sources/Core/Debugger.cs,Core,161,0,0.0,35 36 37 45 46 55 58 60 61 65 69 72 73 74 76 77 78 82 85 87 88 89 90 96 97 98 100 101 102 106 107 108 110 113 114 116 118 119 121 122 124 125 127 129 130 133 134 136 138 139 141 143 146 147 155 158 160 161 165 168 169 172 174 175 177 178 179 181 185 186 187 189 192 193 195 197 198 200 201 203 204 207 208 210 212 214 217 219 220 221 223 224 226 230 232 233 241 244 246 247 251 254 255 258 260 261 263 264 265 267 271 272 273 275 278 279 281 283 284 286 287 289 290 293 294 296 298 300 303 305 306 307 309 310 312 316 318 319 348 350 356 357 358 359 362 365 366 369 370 371 372 375 376 377 378 379 388 389 395 396 397,console diagnostic utility; no numerical tests,c7f4aa1f96e17465490263ad106c77b4f23b46d7c0d620d48d808046217e6fa1
sources/Core/Delegates.cs,Core,0,0,,,"no instrumented sequence points (interface, enum, delegate, or conditional code)",8158f8f88b08ae777ccdf81477b2d2c1ef9f3f565508ad779683cbf0fce08346
sources/Core/Direction.cs,Core,0,0,,,"no instrumented sequence points (interface, enum, delegate, or conditional code)",529ca764e440089db49f6194efed2fe40d47c37932a68ad159ebb97269c04635
sources/Core/Globals.cs,Core,2,2,100.0,,algorithm or executable support,99097c398e01785a80785db76e02b930f573e6f126e35d9a0ce28555c12c2b44
sources/Core/Gradient.cs,Core,0,0,,,"no instrumented sequence points (interface, enum, delegate, or conditional code)",bbfe201d4cce7ae24df0d6c29fcac39accead176c0b1887c253608673a96ff47
sources/Core/HeapSetT.cs,Core,16,16,100.0,,algorithm or executable support,c7ae1009dd5a7744c861dfcdac61e525029fefed29af2bd4bfa56b8cc9b89260
sources/Core/HeapT.cs,Core,32,32,100.0,,algorithm or executable support,3832508a15162e7c313b61f3d55dcc8129d377c3dbfd46bb90c932356bab1ac9
sources/Core/InterpolationMode.cs,Core,0,0,,,"no instrumented sequence points (interface, enum, delegate, or conditional code)",2a03d6bec2992da34b104953f3452f942de8b986bef8fe4b8480f8ca47052a76
sources/Core/Jagged.cs,Core,177,123,69.49,103 112 115 117 119 121 125 135 138 140 141 143 147 158 170 173 175 177 179 183 193 205 208 210 212 214 218 372 373 377 379 380 381 383 385 389 398 399 401 405 407 408 410 412 413 414 419 421 423 424 425 427 429 433,algorithm or executable support,4f738d92bc9c8f7d63d806bf4caae62bb1c1b83bd8cee6a54e57887472e98452
sources/Core/Kernel.cs,Core,58,58,100.0,,algorithm or executable support,999ee0bb718c6cd9d520a3941d50657d3023ca4fc0d8fcdfd5e14bec74b2d5bb
sources/Core/LinealgOptions.cs,Core,1642,1434,87.33,23 194 225 330 361 410 444 479 513 942 943 944 945 946 956 957 958 959 960 2259 2278 2298 2317 2471 2472 2474 2476 2547 2548 2549 2550 2551 2552 2553 2555 2557 2558 2559 2560 2561 2562 2563 2564 2565 2566 2567 2568 2569 2570 2571 2572 2573 2574 2575 2576 2577 2579 2590 2591 2592 2593 2595 2597 2599 2601 2603 2604 2607 2609 2612 2622 2623 2624 2625 2626 2627 2646 2647 2648 2649 2650 2651 2652 2654 2656 2657 2658 2659 2660 2661 2662 2663 2664 2665 2666 2667 2668 2669 2670 2671 2672 2673 2674 2675 2676 2677 2678 2679 2680 2681 2682 2683 2684 2685 2686 2687 2688 2689 2690 2692 2703 2704 2705 2706 2708 2710 2712 2714 2716 2717 2720 2721 2723 2725 2727 2729 2730 2734 2737 2747 2748 2749 2750 2751 2752 2771 2772 2773 2774 2775 2776 2777 2779 2781 2782 2783 2784 2785 2786 2787 2788 2789 2790 2791 2792 2793 2794 2795 2796 2797 2798 2799 2800 2801 2802 2803 2804 2805 2806 2807 2808 2809 2810 2811 2812 2813 2814 2815 2816 2818 2829 2830 2831 2832 2834 2836 2838 2840 2841 2844 2846 2848 2849 2851 2852 2854 2857 2893,algorithm or executable support,272522b54a8516667ec7c39590bffd0d358475717696c7c241aa4f4b6f650acb
sources/Core/Maths.Arithmetic.cs,Core,118,111,94.07,214 216 217 218 223 224 225,algorithm or executable support,495a60cf1b4fa68d8e34aab81fe1d444ffd31ad7b0cf3ac4bdd7e7e6ab0cd9bc
sources/Core/Maths.cs,Core,450,374,83.11,182 188 207 213 245 247 249 262 263 264 266 267 282 295 473 475 477 479 481 895 896 898 899 1268 1491 1797 1882 1883 1884 1885 1886 1902 1904 1906 1907 1911 1912 1913 1914 1917 1930 1932 1934 1935 1939 1940 1941 1942 1945 1967 1968 1969 1970 1981 1992 1993 1994 1995 1996 1997 2008 2009 2010 2011 2012 2013 2024 2025 2027 2028 2029 2030 2042 2043 2044 2045,algorithm or executable support,05cece73f9af326967bf5e5124c2dbcc5952290d8b8ae18c5d6d3cc1ff88d31b
sources/Core/Matrice.cs,Core,3524,2381,67.57,27 52 267 300 332 333 336 338 340 344 374 375 377 379 381 382 384 385 387 388 390 391 394 403 404 406 408 410 411 412 414 415 416 419 431 432 434 436 438 440 442 454 473 474 477 479 481 485 494 505 506 509 511 513 517 526 527 529 530 532 534 535 537 539 540 543 545 546 547 550 559 560 562 564 566 568 570 582 601 602 605 607 609 613 622 633 634 638 640 642 643 647 2130 2131 2134 2136 2138 2141 2150 2151 2154 2156 2158 2161 2170 2171 2174 2176 2178 2182 2191 2192 2195 2197 2199 2203 2212 2213 2216 2218 2220 2224 2298 2299 2302 2304 2306 2309 2318 2319 2322 2324 2326 2328 2331 2340 2341 2344 2346 2348 2350 2353 2362 2363 2366 2368 2370 2372 2375 2384 2385 2388 2390 2392 2394 2397 2406 2407 2408 2411 2413 2415 2418 2420 2429 2430 2431 2434 2436 2438 2441 2443 2451 2452 2453 2456 2458 2460 2463 2465 2467 2470 2479 2489 2490 2491 2494 2496 2499 2501 2503 2505 2506 2510 2519 2529 2530 2531 2534 2536 2539 2541 2543 2545 2546 2550 2560 2561 2562 2565 2567 2569 2572 2573 2575 2593 2639 2640 2643 2645 2647 2650 2661 2698 2709 2781 2782 2785 2787 2789 2791 2795 2804 2805 2806 2807 2808 2811 2813 2815 2819 2839 2840 2842 2843 2844 2845 2850 2860 2872 2873 2878 2879 2881 2882 2883 2884 2888 2889 2891 2892 2893 2894 2899 2911 2912 2917 2918 2920 2921 2922 2923 2927 2928 2930 2931 2932 2933 2938 2950 2951 2956 2957 2959 2960 2961 2962 2966 2967 2969 2970 2971 2972 2977 3183 3194 3280 3282 3284 3285 3286 3288 3289 3290 3292 3305 3307 3308 3310 3312 3313 3315 3325 3327 3328 3330 3332 3333 3335 3344 3346 3348 3350 3353 3363 3366 3368 3369 3371 3373 3375 3378 3388 3391 3393 3394 3396 3398 3400 3403 3413 3416 3418 3419 3421 3423 3425 3428 3438 3441 3443 3444 3446 3448 3450 3453 3492 3493 3495 3497 3499 3508 3519 3520 3523 3525 3528 3539 3540 3544 3546 3547 3550 3563 3573 3583 3593 3604 3614 3624 3634 3675 3676 3678 3680 3682 3683 3686 3688 3690 3693 3704 3705 3707 3709 3711 3712 3715 3717 3719 3722 3733 3734 3736 3738 3740 3741 3744 3746 3748 3751 3761 3762 3763 3765 3767 3769 3778 3779 3780 3782 3784 3786 4744 4745 4746 4747 4748 4750 4752 4754 4763 4764 4766 4768 4770 4795 4796 4798 4800 4802 4811 4812 4814 4816 4818 4859 4860 4862 4864 4866 4891 4892 4894 4896 4898 4907 4908 4910 4912 4914 4943 4944 4946 4949 4951 4960 4961 4963 4966 4968 4977 4978 4980 4983 4985 4994 4995 4997 5000 5002 5011 5012 5014 5017 5019 5037 5074 5075 5077 5079 5082 5120 5139 5140 5141 5144 5146 5147 5149 5151 5153 5154 5157 5166 5167 5168 5171 5173 5174 5176 5178 5180 5181 5184 5192 5193 5194 5273 5274 5275 5373 5374 5376 5377 5379 5380 5382 5392 5393 5395 5396 5398 5399 5401 5411 5412 5414 5415 5417 5418 5420 5704 5705 5707 5709 5711 5721 5722 5724 5726 5728 5738 5739 5741 5743 5745 5778 5779 5781 5782 5783 5784 5785 5786 5787 5788 5790 5848 5849 5853 5855 5856 5858 5861 5872 5873 5877 5879 5880 5882 5885 5896 5897 5901 5903 5904 5906 5909 5920 5921 5925 5927 5928 5930 5933 6009 6010 6011 6014 6016 6019 6021 6022 6024 6026 6028 6030 6031 6035 6041 6043 6044 6046 6048 6050 6052 6056 6060 6133 6134 6135 6138 6140 6143 6145 6146 6148 6150 6152 6154 6155 6159 6165 6167 6168 6170 6172 6174 6176 6180 6184 6196 6205 6272 6273 6274 6275 6276 6277 6278 6279 6290 6291 6293 6295 6297 6299 6303 6312 6313 6315 6317 6319 6321 6325 6334 6335 6337 6339 6341 6343 6347 6386 6439 6514 6523 6527 6606 6661 6662 6663 6664 6665 6666 6667 6668 6679 6680 6682 6684 6686 6688 6692 6701 6702 6704 6706 6708 6710 6714 6723 6724 6726 6728 6730 6732 6736 6775 6828 6903 6912 6916 6995 7068 7274 7469 7471 7473 7475 7479 7549 7551 7554 7557 7560 7563 7564 7565 7566 7567 7570 7571 7574 7575 7576 7579 7591 7593 7596 7599 7601 7604 7607 7625 7627 7629 7631 7635 7705 7707 7710 7713 7716 7719 7720 7721 7722 7723 7726 7727 7730 7731 7732 7735 7747 7749 7752 7755 7757 7760 7763 7781 7782 7783 7784 7785 7787 7789 7791 7795 7808 7809 7810 7811 7812 7813 7815 7817 7819 7823 7837 7838 7839 7840 7841 7843 7845 7847 7851 7864 7865 7866 7867 7868 7869 7871 7873 7875 7879 8088 8089 8091 8093 8096 8112 8115 8116 8118 8120 8122 8124 8126 8129 8142 8145 8146 8148 8150 8152 8154 8156 8159 8256 8285 8314 8343 8376 8409 8457 8469 8470 8471 8473 8475 8477 8479 8482 8485 8533 8542 8543 8544 8546 8548 8550 8552 8555 8558 8567 8576 8577 8578 8580 8582 8584 8586 8589 8592 8804 8813 8814 8815 8839 8848 8849 8850 8932 8941 8942 8943 8967 8976 8977 8978 9010 9016 9017 9049 9055 9056 9254 9255 9259 9261 9263 9267 9389 9391 9392 9402 9404 9405 9536 9538 9540 9542 9553 9555 9557 9559 9573 9576 9577 9580 9581 9584 9586 9590 9592 9595 9597 9598 9601 9612 9615 9616 9619 9620 9623 9625 9629 9631 9634 9636 9637 9640 9857 9860 10091 10213 10215 10216 10218 10220 10222 10226 10236 10237 10241 10243 10245 10246 10250 10303 10304 10307 10308 10309 10311 10314 10315 10316 10321 10323 10324 10328 10332 10335 10336 10337 10339 10341 10342 10343 10346 10347 10456 10458 10459 10461 10463 10465 10469 10479 10480 10484 10486 10488 10489 10493 10550 10642 10645 10647 10649 10651 10653 10655 10657 10659 10663 10668 10696 10699 10701 10703 10706 10715 10718 10720 10722 10724 10726 10729 10809 10858 10860 10862 10865 10896 10899 10901 10903 10907 10919 10928 10939 10941 10943 10946 10957 10959 10961 10964 10975 10987 10990 10992 10994 10998 11008 11020 11023 11025 11027 11031 11050 11051 11052 11053 11057 11059 11063 11065 11066 11068 11070 11073 11083 11086 11087 11089 11091 11092 11094 11108 11109 11110 11111 11115 11117 11121 11123 11124 11126 11128 11132 11142 11145 11146 11148 11150 11151 11153 11168 11169 11172 11174 11175 11176 11179 11181 11183 11187 11198 11201 11202 11204 11206 11207 11209 11223 11224 11227 11229 11230 11231 11234 11236 11238 11242 11253 11256 11257 11259 11261 11262 11264 11275 11276 11277 11278 11287 11288 11289 11290 11299 11300 11301 11302 11303 11312 11313 11314 11315 11316 11355 11361 11384 11443 11449 11472,algorithm or executable support,43403080113d0e5212c2954a0cc0913fc3e7d89a928c72cbb06638e323b80fd3
sources/Core/Matrice.Interpolation.cs,Core,9,6,66.67,17 18 20,algorithm or executable support,9ac052816c5ae7c51822ec818a1115bb45d799d8edeb98de7bd22285d18a476e
sources/Core/Matrice.Statistics.cs,Core,16,16,100.0,,algorithm or executable support,f4d6f94df8a20bbfa886915b90f4f0700adf6d975edca26037562c3d826f8779
sources/Core/MorphologyMode.cs,Core,0,0,,,"no instrumented sequence points (interface, enum, delegate, or conditional code)",a4867f0411e45ad101b58d5d2cf0db050527f27ef725e05018e42e266b11b7d0
sources/Core/Operator.cs,Core,123,14,11.38,77 79 81 82 84 86 87 89 91 92 94 96 97 101 104 113 115 117 118 119 121 123 124 125 127 129 130 131 133 135 136 137 139 141 142 143 145 147 148 149 151 153 154 155 157 159 160 161 164 203 205 206 208 210 212 216 217 218 221 223 225 226 227 228 232 233 244 245 246 249 251 253 256 257 267 276 277 279 280 281 283 294 295 296 297 298 299 300 301 303 305 306 307 308 309 310 312 313 315 318 319 320 321 323 325 326 327 328 331,algorithm or executable support,c5ffd466af62bfcdca8a33127a3f716e60b76574e8170ca9c722968b9bac5cce
sources/Core/PointFloat.cs,Core,16,9,56.25,64 72 81 94 104 115 123,algorithm or executable support,7aa30d1b595a758bdf0ce89903e5fe3d969ddf5632a4a666635f05976d6a747d
sources/Core/PointInt.cs,Core,16,9,56.25,64 72 81 94 104 115 123,algorithm or executable support,f4dd27e1eff40e1bd010da2c11ed92530d521912cdd3e48b41bc8446d2415ec7
sources/Core/Quaternion32.cs,Core,154,129,83.77,173 174 178 179 217 218 219 220 394 403 445 469 470 472 473 475 476 477 478 490 491 493 495 496 498,algorithm or executable support,0d8947506173efab7deed7e5a67904f893af2c936ad6c735a732d70577fa0f7b
sources/Core/RangeFloat.cs,Core,19,8,42.11,38 39 52 53 77 85 94 107 117 128 136,algorithm or executable support,9c3046beaa0817e561601726de744030e5023ddedcfd8e3b523666b0e8e09c0f
sources/Core/RangeInt.cs,Core,19,8,42.11,38 39 52 53 77 85 94 107 117 128 136,algorithm or executable support,583267c9daef0b28c1210b9ff533bce24862a922795588b9841718430b44a8c1
sources/Core/RotationMode.cs,Core,0,0,,,"no instrumented sequence points (interface, enum, delegate, or conditional code)",a2a5b2eeea44749e9009628ad53cec03011f18301635aff9e63e46a60c47c67d
sources/Core/SizeFloat.cs,Core,16,5,31.25,38 39 52 53 64 72 81 94 104 115 123,algorithm or executable support,daa6420555d9a0780ab0c742c71cfd88175fb5833b784a3b21aeb1f57fb3fd59
sources/Core/SizeInt.cs,Core,16,5,31.25,38 39 52 53 64 72 81 94 104 115 123,algorithm or executable support,2150d25d54d71e507e3baa9b5589fc15fd1c971541eb68f06733c49f229013ea
sources/Core/Special.Bessel.cs,Core,132,129,97.73,15 32 86,algorithm or executable support,8005260456f0e48bfaa17f55358f6885aea5fd3845e2c531ebb4700793ccd5bb
sources/Core/Special.cs,Core,624,593,95.03,228 434 449 461 473 505 506 517 518 587 588 880 887 907 926 946 966 989 1010 1081 1092 1121 1132 1203 1204 1311 1331 1667 1679 1706 1720,algorithm or executable support,cfdf99123e3994fb81c076782c31d76e968dad6ec341696126caba496e12e3c5
sources/Core/Special.DistributionKernels.cs,Core,7,7,100.0,,algorithm or executable support,016d29d0e16c35136c3717b52e82896058400705c0cdd084859df3464d2a6e25
sources/Core/Special.Elementary.cs,Core,34,30,88.24,36 37 38 39,algorithm or executable support,a846c954a2bda593bf6bc9fe376d5d807d7ff732db2d3e2a354233ff37f16090
sources/Core/Special.ErrorFunctions.cs,Core,144,131,90.97,133 134 135 136 137 138 139 141 142 143 144 146 245,algorithm or executable support,f609602704f6162b7d3b3612fa06d5c466e055b9e7da51b97f9eb8ac13aadd74
sources/Core/Special.Integrals.cs,Core,61,59,96.72,76 98,algorithm or executable support,78fbe4491423835f8e39b8accee1507740836ff4dd0e735bdf105d0ecc46b5b0
sources/Core/Special.Numerics.cs,Core,197,186,94.42,80 93 113 134 229 253 254 276 294 307 317,algorithm or executable support,6d6201090a5111606d67933bbd3a20c177f0b52be824830fb4213725a076b0a6
sources/Core/Special.Series.cs,Core,105,104,99.05,173,algorithm or executable support,8b6445d1368c7caa53804df0b172ecd27ff787c0a5abca82822e4abca887a7c9
sources/Core/StringOptions.cs,Core,46,17,36.96,29 63 94 95 98 101 103 115 116 117 118 119 121 123 125 127 132 136 138 140 142 147 149 151 153 155 157 161 165,algorithm or executable support,9210fc7a54a78c8cd9f1cf34d32fb6b57dc9a6f2e052c308a7a122497fa87404
sources/Core/Xml.cs,Core,13,5,38.46,30 31 32 33 51 52 53 54,serialization contract; no mathematical algorithm,330c63d8c2c6e760b41e6929ba37fc20cac216bd0f43988ef2536031dfd78614
sources/Decomposition/Arnoldi.cs,Decomposition,31,30,96.77,35,algorithm or executable support,4c6765a87c2500837be61ea423da8f4fe4c251d3b8211b07c197972e43aacd80
sources/Decomposition/Bidiagonal.cs,Decomposition,69,69,100.0,,algorithm or executable support,347bab611dec3ff3cd3cd3895fa507a5b6810c31f6710679a0edb04a9fa77759
sources/Decomposition/Cholesky.cs,Decomposition,28,27,96.43,30,algorithm or executable support,9a94b2780aa1127ca4e09d10b7c1cb52b9cfaffdfb630d485da1dd6c67532939
sources/Decomposition/Diagonal.cs,Decomposition,11,10,90.91,29,algorithm or executable support,8e6e1f92a5417d4d3fdc981d90fe68ad65775aceb0cd86c30181c5612bfbcb8e
sources/Decomposition/EVD.cs,Decomposition,470,427,90.85,40 132 515 516 637 638 639 641 642 643 649 650 651 653 654 655 656 657 658 659 722 780 826 827 864 865 866 878 879 880 881 882 883 884 885 887 888 892 900 902 903 914 915,algorithm or executable support,bc0ab5ae4d04ce1a88ef6e485c60a89f07d94a5edf6464cabc68160697d3f931
sources/Decomposition/GEVD.cs,Decomposition,686,588,85.71,35 38 41 84 86 87 89 97 107 108 109 111 121 123 125 126 128 129 130 131 132 135 157 404 460 461 462 463 464 465 466 467 469 471 472 473 475 476 477 480 481 483 484 485 528 529 530 532 533 535 543 544 558 559 560 730 802 803 804 805 842 843 844 883 884 885 920 973 974 978 979 980 981 982 1003 1004 1126 1138 1139 1223 1224 1225 1226 1243 1244 1257 1258 1301 1316 1317 1318 1321 1353 1356 1357 1358 1360 1363,algorithm or executable support,782de65f2314b71ee7adf7154804ece5bb4eace4e1f2f013b7aea15ec0ad29ef
sources/Decomposition/GramSchmidt.cs,Decomposition,14,13,92.86,33,algorithm or executable support,0466adeb8a50aecc25648b2d95516a6ccd4e300b30fd2347dc32211d29149d84
sources/Decomposition/GSVD.cs,Decomposition,75,72,96.0,45 48 51,algorithm or executable support,7d9ad57656e3a930be210919790d8c9e0b09df7eae1d6a1094422fcfe240a14d
sources/Decomposition/Hessenberg.cs,Decomposition,61,60,98.36,31,algorithm or executable support,da3560bcaa230edf60226d821aac10b55f46ce48b169aa45c165a6bca0925d37
sources/Decomposition/Householder.cs,Decomposition,101,100,99.01,53,algorithm or executable support,3ffbe995bb5a7c2700a88b1f268b706b37bff56535be4a02858765cfbed82a1c
sources/Decomposition/Lanczos.cs,Decomposition,35,34,97.14,33,algorithm or executable support,648d9ee2aae23e3d77ecab9fe55c1e578a07057c7a4f747c7ed1f93e94e90b1a
sources/Decomposition/LDL.cs,Decomposition,13,12,92.31,34,algorithm or executable support,2e22a4d732293c3e2210ef9876d2b1cf282d4237759968e1877b488a3aa81713
sources/Decomposition/LDU.cs,Decomposition,13,12,92.31,34,algorithm or executable support,f4bfa63621ebd292b35eddd16ba65eebaace65069166fac92be1a6d78be5500c
sources/Decomposition/LQ.cs,Decomposition,7,7,100.0,,algorithm or executable support,d39625e06dc35be5ff56bd2b9858d0715e1a120acea6ffefe1025da5909ae07f
sources/Decomposition/LU.cs,Decomposition,26,25,96.15,31,algorithm or executable support,3a9a1a6ec29287517dd238da34cde24a51520197b71440fbcccef50ef5b9e822
sources/Decomposition/NMF.cs,Decomposition,46,46,100.0,,algorithm or executable support,68b0c2f198ce57b54d0df8e3af6546d8909cb62da0c0681635229bff0cc50356
sources/Decomposition/Polar.cs,Decomposition,10,10,100.0,,algorithm or executable support,87c86958c1a353e69fad5374fdc38cc19bec9e0abd543ae18060c1ce303b1880
sources/Decomposition/Power.cs,Decomposition,12,11,91.67,29,algorithm or executable support,0a22c2852a5d5d0df545d5f85d4c5d99ac581042626ad66d699caf29cf876c8a
sources/Decomposition/QL.cs,Decomposition,7,7,100.0,,algorithm or executable support,6ec9a37286860f02bc2bf7286da0dbc14f162293edaa94fef69f9ed25f6a8bbb
sources/Decomposition/QR.cs,Decomposition,56,56,100.0,,algorithm or executable support,f62d2283f3d52609bb9feeffc2916ae5f57a715623cb62c762d7d8af671a3735
sources/Decomposition/QZ.cs,Decomposition,37,33,89.19,37 39 41 54,algorithm or executable support,153999d725baef1abb15d40c07a86b36f14ef317c6cf6c321d17d7f7642d2eec
sources/Decomposition/RQ.cs,Decomposition,9,9,100.0,,algorithm or executable support,1f9006ac8ec3fbedcc30f2acf04af7541ff9bd400be772ab0eaa1af09ac18273
sources/Decomposition/Schur.cs,Decomposition,181,161,88.95,35 97 98 209 210 211 212 213 214 219 220 221 223 224 225 226 227 228 229 230,algorithm or executable support,29b6fd94af60a9529bb301fe010e2a34720467f70a8795bce073ad971baa0edf
sources/Decomposition/SVD.cs,Decomposition,201,201,100.0,,algorithm or executable support,cd980ecbafc383e77b036bb9130be7ad07c0e085779a795f490244c6e88e36e7
sources/Decomposition/UDL.cs,Decomposition,25,24,96.0,30,algorithm or executable support,6a715a99171eeba531a0ec0aa8da81ef5efb8e068f1b16dd02cca95d57e8295d
sources/Distance/Angular.cs,Distance,30,29,96.67,64,algorithm or executable support,d3ad04a0a6d4577c89840772228509ae6933474c34881f1a0fc05102da6007bc
sources/Distance/BrayCurtis.cs,Distance,18,16,88.89,30 52,algorithm or executable support,afbd981b2eb67efd0fe4d0a5f941469b7af5546b2a2f73f9b7a45864684d3266
sources/Distance/Canberra.cs,Distance,14,14,100.0,,algorithm or executable support,f608bb6440d9c17e52352c626d108f25407f100da1779c5f03455366db59b6c8
sources/Distance/Chebyshev.cs,Distance,12,12,100.0,,algorithm or executable support,1b0d5a8e2768e4f8bcf466a3dd2d9a99e4f56f657c6652e5d83d610510fcb24e
sources/Distance/Cosine.cs,Distance,29,28,96.55,72,algorithm or executable support,3bf30f407881d38443fb55fd9ab2abdbfac30071eb13379dca7ab8db26148270
sources/Distance/Dice.cs,Distance,20,20,100.0,,algorithm or executable support,547db2ed3315eada04900720697e3dc064253895fe781ca1196ab859eade64d6
sources/Distance/DistanceBase.cs,Distance,22,22,100.0,,algorithm or executable support,f643c53cb2a77a26d965d4e8a2205ceb9fe6c217dba3f8ce884ee51f5adc6fe0
sources/Distance/Euclidean.cs,Distance,11,11,100.0,,algorithm or executable support,388b5ced1ba37e4fd701dc024f80160476f1b70656f1e97eeee62006d06e2a16
sources/Distance/Hellinger.cs,Distance,17,16,94.12,50,algorithm or executable support,8fb878ab8332be6224209ab5e54e60f530bdb56f686953c746d8f76b93ac57ae
sources/Distance/IDistance.cs,Distance,0,0,,,"no instrumented sequence points (interface, enum, delegate, or conditional code)",e820c304a46e0af9cbe09b37f6a7de546a44661b91c00111c3779bb49ffaf7e2
sources/Distance/Jaccard.cs,Distance,20,20,100.0,,algorithm or executable support,bb98f64d7bf1181306c905b29eec42562790afe4ce0487b01737a53a1837e017
sources/Distance/Kulczynski.cs,Distance,18,18,100.0,,algorithm or executable support,0dd1e34bdb54156a4149e2387cc6c306c2264650b37b3539a7e4a273687782e6
sources/Distance/Manhattan.cs,Distance,10,10,100.0,,algorithm or executable support,8cb7af5db6033b23cba28e2a780e41706dc4c7d78256e277749576e70d931a78
sources/Distance/Minkowski.cs,Distance,21,16,76.19,34 38 39 41 42,algorithm or executable support,4d75a0f09d1bf4bc34a26653d8ec6298f895d96955e7c031dbcf5dd4c152a19c
sources/Distance/RusselRao.cs,Distance,10,10,100.0,,algorithm or executable support,4d1acaab0958b617ce76015b2a426584183c564f563ef47c1296df4364e34278
sources/Distance/SokalMichener.cs,Distance,24,24,100.0,,algorithm or executable support,99379e80795a9227b1e4e64b63fa6b277a76c25d74ec8d94ad0149e2e29bca0f
sources/Distance/SokalSneath.cs,Distance,20,20,100.0,,algorithm or executable support,53b0daebffe15a294c044f42da05b96396c6a3c5daa99ade957d2dedb65645cb
sources/Distance/SquareEuclidean.cs,Distance,12,12,100.0,,algorithm or executable support,d0810ed0f0e57a2c5de40c0c4ba86fa86a180fa7a9796832fae2c5829c6fde69
sources/Distance/Yule.cs,Distance,24,24,100.0,,algorithm or executable support,12ef958bb1d40fc4139f533f68b217a85e1d03af104d1433a56e8a03babdaf69
sources/Distribution/Arcsine.cs,Distribution,19,19,100.0,,algorithm or executable support,7d247f67895027ff9425584fd73bb1d5bc94ad5d25543997f576560ac4136964
sources/Distribution/Bernoulli.cs,Distribution,44,32,72.73,25 41 46 98 116 126 128 131 144 146 149 196,algorithm or executable support,c287df23bb1ae805dffcf3da1f13915b453154eeb1164050b9797f4d486ec366
sources/Distribution/Beta.cs,Distribution,47,37,78.72,25 42 48 61 67 128 133 137 143 222,algorithm or executable support,f19486fb730cf34a06cfcabdab3c74f6a7b5818f4f1d8e37e5898f08a75572fb
sources/Distribution/BetaPrime.cs,Distribution,43,34,79.07,38 43 55 60 87 109 127 142 169,algorithm or executable support,7b670f27e8614ded16e67299354c60fac1d8cd54c0fcb7ffe10c465c4f2defe2
sources/Distribution/Binomial.cs,Distribution,65,49,75.38,26 43 48 60 65 112 117 125 127 130 132 135 173 174 175 229,algorithm or executable support,8fb6285d1d2ceb11fe843049e91c557be882b0537ea78eeca4e7dfd4a56f5a78
sources/Distribution/BirnbaumSaunders.cs,Distribution,54,49,90.74,46 60 65 77 82,algorithm or executable support,102db89cdb8d8d1a85f55d16a65cd636eea0beefb949540523d597774642231c
sources/Distribution/Burr.cs,Distribution,59,48,81.36,38 43 55 60 74 98 111 148 178 179 181,algorithm or executable support,a175d53552b0d18278819aa9aaacaa83eec7ceb670387f819d30d1ce4afbc19b
sources/Distribution/Cauchy.cs,Distribution,24,16,66.67,25 43 48 60 82 89 116 126,algorithm or executable support,91798f2e04300851dfd6c6cd38d2150fcd02b9ab1bd2ae1f851a81860ee88712
sources/Distribution/ChiSquare.cs,Distribution,32,29,90.62,36 41 96,algorithm or executable support,cd28aa5e22610b48ce63f0aa478237fdd92bded41cb6d1023f5c31b554124cc2
sources/Distribution/ChoiWilliams.cs,Distribution,17,7,41.18,36 48 55 62 69 76 86 95 103 124,algorithm or executable support,3d5bc7466e96780371f332cfb1aba7dc2441a9b912302cf2a9f9d5d6e10d117a
sources/Distribution/ConeShape.cs,Distribution,24,12,50.0,36 48 55 62 69 76 86 95 103 131 133 135,algorithm or executable support,60b71dbe91080fe3571b835cd3a7af28959299e1e29fe537b3e45e9af05ed59d
sources/Distribution/Degenerate.cs,Distribution,22,17,77.27,24 26 42 106 116,algorithm or executable support,c65d39d16568b832899569743f7dffcc782140b5c515db2ff3242acf8bf1c1a0
sources/Distribution/DistributionNumerics.cs,Distribution,42,42,100.0,,algorithm or executable support,e296bfe2a68f348d0d2b9d88c75e951b974df565a987f355bf2a08d5e943b1e5
sources/Distribution/Erlang.cs,Distribution,29,25,86.21,38 43 55 60,algorithm or executable support,cfe7dc3eaf6f0565e66e877a96a08f50cf46e41d67b13d24e4482c4898b38ab2
sources/Distribution/Exponential.cs,Distribution,24,21,87.5,24 40 45,algorithm or executable support,84514375b7dcd0549b98e8cf9c9f84d537f0296b4b066ec81ef5242963d2731f
sources/Distribution/FisherSnedecor.cs,Distribution,48,38,79.17,39 44 56 61 79 108 113 136 154 184,algorithm or executable support,b038338b0f7d363efa1e95c16d48c577dfe2e32423d5e9952712c69f49e23514
sources/Distribution/FisherZ.cs,Distribution,49,33,67.35,40 45 57 62 74 75 77 87 88 90 117 118 139 147 157 164,algorithm or executable support,817bf951ca9b7608b28aac622c91dcb45054efcd8c43956036f4e3fe6ba69b47
sources/Distribution/FoldedNormal.cs,Distribution,59,50,84.75,25 41 49 53 111 121 162 194 196,algorithm or executable support,ab97b425b6c982687e3bc8dc87fc0d63b4f4c4ae0195a8f593f294dc583c6fd1
sources/Distribution/Gamma.cs,Distribution,33,27,81.82,25 42 47 59 64 110,algorithm or executable support,d965ae1320c36d3571ea39c0c79413fd562a2706f59e02bdbcf8c46a00cae309
sources/Distribution/Gaussian.cs,Distribution,24,20,83.33,25 43 48 60,algorithm or executable support,7c01766faaa873e5aa7b20a1262f57a3224c34ae37bd5019fc429ce961c14a50
sources/Distribution/GeneralizedNormal.cs,Distribution,45,39,86.67,26 44 52 56 66 70,algorithm or executable support,98e46a171e65539b3cb1ca77acc6c11c354e7e03223e2f29f948a2884551a56c
sources/Distribution/Geometric.cs,Distribution,34,29,85.29,25 41 46 121 171,algorithm or executable support,2ccfc7da241aa80ee740ce6b942b2bb2eabb519dd9846727a07f368dfccfc624
sources/Distribution/Gompertz.cs,Distribution,32,24,75.0,38 43 55 60 96 116 126 133,algorithm or executable support,514e24faa826f65fe40cd990d91de7cc5ca9c3933bad0dc3e896235a5bf961fe
sources/Distribution/Gumbel.cs,Distribution,24,21,87.5,38 52 57,algorithm or executable support,17f97929ccd830ef5570cf45d815840fc190e539e535f87f2b6ab0a86a4a8982
sources/Distribution/HyperbolicSecant.cs,Distribution,12,12,100.0,,algorithm or executable support,88fcf54c8d226a3f960dd6820783a9275052b9ac67e7b19f7c5ab195c24061de
sources/Distribution/Hypergeometric.cs,Distribution,89,65,73.03,26 49 61 66 78 83 106 119 139 140 141 142 144 146 147 149 151 154 157 159 162 164 217 286,algorithm or executable support,55d039a4ae69bd212c14ec5206e018c49659a9a0e7848ffcfe05a713ec7c2a65
sources/Distribution/IDistribution.cs,Distribution,0,0,,,"no instrumented sequence points (interface, enum, delegate, or conditional code)",389ac214569b84d673552472512eaa11923f731db09cf5eb382fbf54af751934
sources/Distribution/InverseChiSquare.cs,Distribution,38,25,65.79,24 38 42 64 74 75 76 77 79 80 81 103 113,algorithm or executable support,a30b710048c3e67712c4a31b59a1d20f93e3339d4769e68efd0c0426d7c250bd
sources/Distribution/InverseGamma.cs,Distribution,54,32,59.26,26 28 29 45 49 60 64 85 98 124 125 126 127 129 142 143 144 145 147 148 149 150,algorithm or executable support,d24900c7879dce012251d4a9cf68ed07ebf9ca05f2d86dc603ec3de0b76cf3b4
sources/Distribution/InverseGaussian.cs,Distribution,53,45,84.91,25 41 45 55 59 158 166 168,algorithm or executable support,be21e28a6d6508f72e1bb6e8f5a1053cdf865cf78be23f91edec95a7a0faacd8
sources/Distribution/Kumaraswamy.cs,Distribution,52,41,78.85,39 44 56 61 115 120 125 130 140 158 168,algorithm or executable support,a6d5966a36ddb52924723b87884116ae5b9e1ba1bfc30c85bb569663a01a6f0d
sources/Distribution/Laplace.cs,Distribution,26,22,84.62,25 43 48 60,algorithm or executable support,24cb04a49bd1058ac964281628f01706d0fb647caa53696c0016805150480e91
sources/Distribution/Levy.cs,Distribution,30,23,76.67,38 52 57 80 97 114 124,algorithm or executable support,d0fbd28797cc5507055a1afe079606c65d8924b4fbeac6f5e52926df808e3b2f
sources/Distribution/Logarithmic.cs,Distribution,33,27,81.82,36 41 97 107 148 158,algorithm or executable support,8ac7b2b70bc60fc4ac60ec053fc5ae81e7c38416c95d97cc6a2c0ec1e4a81246
sources/Distribution/LogGaussian.cs,Distribution,28,24,85.71,25 43 48 60,algorithm or executable support,a818ae45a2598f9c3d9d4f77dbe2de080b1ca0e6c72f06d824b953ceee3f1e68
sources/Distribution/Logistic.cs,Distribution,29,25,86.21,34 42 56 61,algorithm or executable support,18a041acdf6d0226c37b40e5ccb0c83e2e9910b0bac4ef3b16a1f1dfbdf68466
sources/Distribution/LogLogistic.cs,Distribution,32,21,65.62,25 42 47 59 64 84 91 104 119 129 165,algorithm or executable support,09aea8b966996e8d3a009e24f4f0295cba2ddf1c0005496ff18b1ca202e57ac4
sources/Distribution/Nakagami.cs,Distribution,45,33,73.33,44 46 47 48 66 71 84 89 127 156 166 173,algorithm or executable support,336ffeaf451f342702c9aa71508fef31143c8d99593335186e0d183876aac213
sources/Distribution/NegativeBinomial.cs,Distribution,64,41,64.06,26 28 46 51 63 68 92 105 119 131 137 138 140 143 163 164 166 176 177 179 202 222 235,algorithm or executable support,81f9deab0d4478ded246f6af2e5a3e02ca9366702900cfac8b60bea7b8423c58
sources/Distribution/Pareto.cs,Distribution,43,28,65.12,25 42 47 59 64 90 108 142 156 158 160 162 165 166 167,algorithm or executable support,dcf36707b38d90f45e60f9a44fd65eabb3282ff20b052b42351fe106599c34f2
sources/Distribution/Poisson.cs,Distribution,51,48,94.12,24 40 45,algorithm or executable support,8c9fc2ef43c787f256bd8f6826221ae115edcdfee48919bfd65a2f8cb5dcbaae
sources/Distribution/PowerLognormal.cs,Distribution,26,17,65.38,40 45 56 61 79 86 107 114 121,algorithm or executable support,fc807b19e99e832ee5c5bbc7e29e8bb12839dcb3c37f7fb0d3757d66ef2513ff
sources/Distribution/PowerNormal.cs,Distribution,18,11,61.11,37 42 60 67 88 95 102,algorithm or executable support,b31ce67013c1f2657f72db803b6df8b79e9a27cd718154a76a47f4005319b64f
sources/Distribution/Rademacher.cs,Distribution,19,19,100.0,,algorithm or executable support,6c8d3bed639c3f2f37115a21a227af2ac1d006f900f08f1090381bb11d070cad
sources/Distribution/Rayleigh.cs,Distribution,24,21,87.5,26 42 47,algorithm or executable support,d8f1e53c8c01411896f0fb5b4971ce411b51da5a7b73ecd88b8155e6177b78f3
sources/Distribution/ShiftedLogLogistic.cs,Distribution,96,65,67.71,26 28 29 30 31 36 38 39 40 41 47 49 50 51 52 73 74 81 84 86 89 90 97 98 142 169 198 204 215 219 225,algorithm or executable support,3438bd8bce992bc53f4aa9bb4da99725bdddeb8050bc401fd85e8a0b6eba1646
sources/Distribution/Student.cs,Distribution,38,25,65.79,36 41 83 84 85 86 87 111 127 128 129 130 131,algorithm or executable support,c4fd47a1251a4688fec7ee9aaa330567b6e99b5124d27b8df2d4e733e15f109b
sources/Distribution/SymmetricGeometric.cs,Distribution,43,30,69.77,26 28 44 49 83 84 86 126 127 129 130 131 180,algorithm or executable support,7ee1621b1f311134fd2e564de05bc02ff87924685ba163327129f981ca67cada
sources/Distribution/Trapezoidal.cs,Distribution,84,70,83.33,45 47 62 66 70 74 78 82 86 149 153 157 206 208,algorithm or executable support,47091507e7ce11dbc3f4795a616232106abeb61d0f309c07f8a5f6c3bbf4951e
sources/Distribution/Triangular.cs,Distribution,39,34,87.18,26 44 58 72 116,algorithm or executable support,6c60ad95907ea091a1f37a50fb99fc90dc63fc89d0a5c6c63a213ba2f6b02195
sources/Distribution/TukeyLambda.cs,Distribution,65,60,92.31,86 90 96 175 180,algorithm or executable support,e60839ff5fc9dd4c04ac39f0f22dd10129208d32d1a09f4479d2282d5fc1a180
sources/Distribution/Uniform.cs,Distribution,30,27,90.0,25 42 56,algorithm or executable support,62985cd343b473ec8dc16477eaccfd03ad05fd24b6a5b1b8523e60cae796a4e1
sources/Distribution/UniformDiscrete.cs,Distribution,50,31,62.0,26 28 47 51 52 53 62 66 67 68 110 133 134 136 146 147 149 150 210,algorithm or executable support,f5b75134cae36391978b2eabad6b6687fdd56a51bc85de9f3e9ed5d16b7f8a69
sources/Distribution/UQuadratic.cs,Distribution,37,32,86.49,50 55 68 73 138,algorithm or executable support,8f9f7e1cc945b9b7dba82a2c7a71e7e3ede01ad5fb96f150d59df186607b50e4
sources/Distribution/Weibull.cs,Distribution,31,26,83.87,25 43 48 60 65,algorithm or executable support,61b8915f583e1a46698ea3ce6756bc19d1d236ffc18af36995dbaaa68522f5d3
sources/Distribution/Wigner.cs,Distribution,28,26,92.86,36 41,algorithm or executable support,2a9a003fc5d141d3bdb48fadee0a4eeb1c2299b5ab366fba5a381bd117140ac8
sources/Distribution/WrappedCauchy.cs,Distribution,23,12,52.17,39 43 44 53 57 58 60 61 104 114 130,algorithm or executable support,194a25b14ec8e3467cc20aa76fc6c40ea596e503f63b6be3d1a5bb89f09f7cc5
sources/Imaging/AdditiveNoise.cs,Imaging,24,21,87.5,27 43 57,algorithm or executable support,f88decc0a7148f6e98d18269a075eaaca0d148ac366fa090027ca395db1deeea
sources/Imaging/AlphaChannel.cs,Imaging,18,16,88.89,27 30,algorithm or executable support,16f43d77e27bfa7584e09badcc3989043b8213b3bdf8484a6486c3d3bb1d53de
sources/Imaging/AnaglyphMode.cs,Imaging,0,0,,,"no instrumented sequence points (interface, enum, delegate, or conditional code)",c364b0eb54e361092cfe1a2bfc8ce10aab80f10ae6f56e5c7d8554bc1bf2a590
sources/Imaging/BitmapFilter.cs,Imaging,47,17,36.17,37 41 42 51 55 56 68 69 71 72 74 75 80 83 117 118 119 120 127 128 129 130 137 138 139 140 147 148 149 150,algorithm or executable support,1fee5eae6591492c20008c85a05a6e51692dc8d304c223d4fabbf372ba5aea2c
sources/Imaging/BitmapFormat.cs,Imaging,62,23,37.1,22 23 25 28 29 30 32 33 34 35 36 37 39 40 41 42 44 45 53 54 55 57 66 67 68 70 79 80 81 83 92 93 94 96 105 106 107 109 158,algorithm or executable support,06417dbdc92756fdc6aa319769913e09dde757b81430b5cb4f87cf0b2d1c74f7
sources/Imaging/BitmapMatrix.cs,Imaging,675,623,92.3,38 168 260 401 503 644 744 885 970 971 972 973 983 1009 1010 1011 1012 1013 1015 1016 1017 1018 1019 1020 1021 1022 1023 1024 1025 1027 1028 1037 1038 1040 1041 1042 1044 1045 1046 1047 1048 1049 1050 1051 1052 1053 1054 1055 1063 1064 1065 1066,algorithm or executable support,f581166ab117b767f85bb44de4c74c3a61402f726c08292bd49d03b1a1276b36
sources/Imaging/BitmapTransform.cs,Imaging,118,18,15.25,22 28 29 31 32 34 39 49 62 63 64 65 66 67 68 69 70 71 85 88 89 92 95 96 100 103 106 107 119 123 124 126 127 129 135 198 199 200 203 204 205 206 207 210 212 213 214 216 217 228 229 230 233 234 235 236 237 240 241 242 256 258 260 262 266 268 272 273 276 287 288 289 290 291 292 301 302 303 304 305 306 318 319 320 329 330 331 343 344 345 346 347 348 349 350 351 352 353 354 355,algorithm or executable support,369262a8aea7ddfcb645789292d556005dd80b5443ff1e6611719712cf571d7b
sources/Imaging/BlendMode.cs,Imaging,40,1,2.5,24 34 44 54 64 74 76 78 88 90 92 102 112 114 116 126 136 138 140 150 160 170 180 181 191 192 202 212 214 216 226 227 228 248 250 252 261 263 265,algorithm or executable support,65047681c37471ad46911e1363217422a7cbae557e82c7cca1aee8ceb892d18a
sources/Imaging/BottomHat.cs,Imaging,37,22,59.46,33 35 36 41 43 44 52 56 57 97 98 99 100 101 102,algorithm or executable support,aa45c362f218fc944313c8a6403948f0b27bc18df24b5894c6ee9b77da373360
sources/Imaging/BoxBlur.cs,Imaging,185,174,94.05,34 36 37 42 44 45 53 69 72 81 85,algorithm or executable support,bc5efeea877ed54ba969b040e7b15703740abc64c36c77008f532bc6b2e39ef9
sources/Imaging/BrightnessCorrection.cs,Imaging,12,8,66.67,32 34 35 43,algorithm or executable support,abeadd7aa1181ab4fc1ab2523b22e8192c81f317d13a018db0daeddfcc6548ba
sources/Imaging/CannyEdgeDetector.cs,Imaging,206,169,82.04,46 60 74 89 92 166 167 168 169 170 171 317 319 320 322 324 325 327 329 330 358 375 376 378 379 381 383 385 388 389 391 392 394 395 397 398 401,algorithm or executable support,5409c79cb252b25d6ecfdcba175bed7a2ca9e41edee4bc15cde1eacde2a1c3e8
sources/Imaging/CanvasColor.cs,Imaging,21,17,80.95,21 39 53 67,algorithm or executable support,9f1ec471c7dd3e662856ed2718cb36d182fd3a3c3add8a3176078bc81e41a077
sources/Imaging/CanvasGradient.cs,Imaging,29,23,79.31,24 44 58 72 86 100,algorithm or executable support,970d3d242d3ad53bec37a14c582f612ac00ef3f84a722d41c6f5afb72a14405d
sources/Imaging/Chromakey.cs,Imaging,84,84,100.0,,algorithm or executable support,e7b7bd111383c7aa8e6e9e84de92f40ea8983c5f666323c4e2c8a42bd5904025
sources/Imaging/CLAHE.cs,Imaging,150,140,93.33,46 54 62 72 326 327 334 335 337 339,algorithm or executable support,4f2a0bac62ffcd86c45bc93deb4f02e0f071ddb9373215fefdf98726c46a4078
sources/Imaging/Closing.cs,Imaging,37,19,51.35,34 36 37 38 43 45 46 47 55 59 60 61 92 93 94 95 96 97,algorithm or executable support,15e66a78222a5f41506ad12b0bd25bc78d7695fe8c2f3f85fb0c1631f4b1ada5
sources/Imaging/CMYKFilter.cs,Imaging,51,43,84.31,40 42 43 51 65 79 93 107,algorithm or executable support,b6314f16c6afd8bf86ad1ba692473833a95804fe0b875a3d41fa8415790374bb
sources/Imaging/ColorReplace.cs,Imaging,41,37,90.24,33 41 55 69,algorithm or executable support,e04d59f8cb2303bb9dbcbf3d1bb187762237335dc545038478a1ad5baf58d7ac
sources/Imaging/ColorTransfer.cs,Imaging,64,38,59.38,40 54 68 83 89 90 92 93 95 96 101 139 140 141 142 143 151 152 153 154 155 163 164 165 166 167,algorithm or executable support,8b341e83cf4898cecabcd67255b5cf5473dd859308ee984d3004d2affc378048
sources/Imaging/ContrastCorrection.cs,Imaging,12,8,66.67,32 34 35 43,algorithm or executable support,61651d4931ea8ce74de1451dbf7e70974ae747a649f3e6656b3f3267e6f438ea
sources/Imaging/ContrastEnhancement.cs,Imaging,9,8,88.89,32,algorithm or executable support,d376c7c77e9c5f4673259a2164a76554c8f5f51578871a152fe0fb8fc83a7e63
sources/Imaging/Convolution.cs,Imaging,202,92,45.54,39 41 42 50 64 78 105 108 112 171 172 173 187 188 189 190 191 192 193 194 195 196 197 198 199 200 201 202 203 204 205 206 207 208 209 210 211 212 213 214 215 216 217 218 219 220 221 222 223 224 225 226 227 228 229 230 231 232 233 234 235 236 237 238 239 240 241 242 243 244 245 246 247 248 249 250 251 252 253 254 255 256 257 258 259 260 262 282 283 284 285 286 287 309 319 334 346 357 367 376 386 397 405 413 421 429 437 445 457 466,algorithm or executable support,bc31728aa6945f655f26857ccadff32a15b7186075a259a840f3adbd9ce3d57f
sources/Imaging/Correction.cs,Imaging,137,128,93.43,28 37 39 40 41 57 62 74 88,algorithm or executable support,3f96d46ccdcd215f01cbc5425972d3cb5da0a595bc31271ebc3db458e7e6c8ca
sources/Imaging/CosCorrection.cs,Imaging,12,8,66.67,28 30 31 39,algorithm or executable support,94d574fb85c5c2eb4153c5ce877859885cb14cb9c73aae574cee489b34466694
sources/Imaging/Crop.cs,Imaging,51,35,68.63,23 25 26 45 60 80 117 118 119 120 121 122 129 130 131 132,algorithm or executable support,1736d822e45d9d15e1badc4858eca8432f35ed5b1964259ebc257244432c8b61
sources/Imaging/DepthMatrix.cs,Imaging,47,14,29.79,23 24 25 26 27 28 29 38 39 41 42 43 44 45 46 48 50 52 53 58 68 69 70 71 72 73 74 76 78 80 81 86 87,algorithm or executable support,5a83db232a9b44579e8f5779ded74bff381e0e69789da52bb971e6b0091e9067
sources/Imaging/DepthTransform.cs,Imaging,182,112,61.54,24 28 30 32 66 67 69 71 73 75 79 88 89 91 93 95 97 101 113 125 126 127 128 131 132 133 134 137 138 139 149 150 152 155 156 158 160 163 164 166 167 170 173 177 178 181 183 186 188 189 190 191 192 194 197 199 200 201 202 203 205 208 210 212 215 237 467 468 469 488,algorithm or executable support,77c34633b4c54ac52de9935be7c4a97abdde192dc805e5c98cb198fde618e348
sources/Imaging/Dilatation.cs,Imaging,31,22,70.97,41 43 44 88 89 90 91 92 93,algorithm or executable support,226deba57d539c46253c03be0dcdbff5fefef3bf3270856ce5474a89a710d4d3
sources/Imaging/EdgeGlow.cs,Imaging,37,22,59.46,33 35 36 41 43 44 52 56 57 97 98 99 100 101 102,algorithm or executable support,7d5bf8b12e286e0dd0f6d40a3438fb4a4ba260961a21ff7b5b56cb00dafeb444
sources/Imaging/EqualizeChannel.cs,Imaging,22,19,86.36,29 37 51,algorithm or executable support,d8fc01a574d9269352e4afa6f3151884aa474ce2bcd397e670e87b74aaa0bade
sources/Imaging/Erosion.cs,Imaging,31,22,70.97,41 43 44 88 89 90 91 92 93,algorithm or executable support,3939ba0de080c8456d55a12c8d8f223eaf652484c3aabccefaa091d95b4ad17a
sources/Imaging/ErrorDiffusionDithering.cs,Imaging,121,118,97.52,48 63 92,algorithm or executable support,c4f0146bb3a61ef24d6b50235921ec28a7315a3aee01fb27f9072a9a3c042ee2
sources/Imaging/ExposureCorrection.cs,Imaging,12,8,66.67,32 34 35 43,algorithm or executable support,17042d2617d0e23ea764e55c1c8bc86ecaf1b1ca9ea8cde8b87e5bdc2a3dbf33
sources/Imaging/ExposureFusion.cs,Imaging,120,67,55.83,44 48 49 50 59 63 64 75 88 93 168 170 174 175 176 177 179 181 183 186 188 192 195 197 201 202 205 208 210 211 213 214 223 224 225 226 227 230 232 233 234 235 236 238 240 242 243 244 249 250 251 252 254,algorithm or executable support,c01ff2a6d8b5d982466b4514970681ee8d5a5b5ba74b654ddfc1233a0f1f3e12
sources/Imaging/FlatFieldCorrection.cs,Imaging,73,58,79.45,40 42 43 48 50 51 59 63 64 95 96 97 98 99 100,algorithm or executable support,43722ea06a416c8a05b9bb60bf719537ff97c41be64c6df83565e4f5a5031d88
sources/Imaging/Flip.cs,Imaging,68,64,94.12,22 40 54 68,algorithm or executable support,378d882f64fe9b7db15a742806f91d26da44030d4667928ce9cd2eb48bf2591f
sources/Imaging/Float3x3.cs,Imaging,140,138,98.57,191 241,algorithm or executable support,2f82568ca69bc239c719b71789f537837912139f37f9e43a68cb151c5be858ad
sources/Imaging/FreiChen.cs,Imaging,112,97,86.61,38 39 49 52 103 104 111 112 116 148 149 150 151 152 153,algorithm or executable support,0e533c0a0e3a28523dbfba5e49bb103eea5c08e42234e4ed27f7f5f28fca2ebf
sources/Imaging/FreiChenMode.cs,Imaging,0,0,,,"no instrumented sequence points (interface, enum, delegate, or conditional code)",2a0b18970628f4c578696e15bb12a3e059aee6fde56d08b4c0c5d75662295ed6
sources/Imaging/GammaCorrection.cs,Imaging,12,8,66.67,32 34 35 43,algorithm or executable support,71ab4a5ec6b08301f177c04d3fd324f57f527105c68c181f3fd7b93613cb6585
sources/Imaging/GaussianBlur.cs,Imaging,165,148,89.7,33 35 36 37 38 60 75 88 106 107 108 109 110 111 133 136 207,algorithm or executable support,24567c2807be2828fce83e9135ed958c585424dad62b27fd402607f2dd3fee95
sources/Imaging/Grayscale.cs,Imaging,46,22,47.83,36 38 39 40 41 49 63 77 91 124 134 144 153 154 155 156 164 165 167 168 170 172 174 178,algorithm or executable support,15c873d75deddb6e5c58604983553624773e8715032bfff7c396b34f83b73ceb
sources/Imaging/Grid.cs,Imaging,17,14,82.35,34 42 57,algorithm or executable support,e0af38c20d3684433d274c829ce94c44468e129161d54bde9dd6461312da17bc
sources/Imaging/HideChannel.cs,Imaging,20,17,85.0,29 37 51,algorithm or executable support,f8431ad1f69e9aef3859c600df60330cef964fc63a7fb0242f9b76daecd2e8ba
sources/Imaging/HistogramEqualization.cs,Imaging,18,17,94.44,30,algorithm or executable support,5cfee75263ee46a84517a83c93fa210c349cb72451a5f4e6e26d368d671af8bf
sources/Imaging/HistogramStretch.cs,Imaging,14,9,64.29,33 35 36 37 45,algorithm or executable support,e4b7b90eac643125642fec16d2bfc156dfcfbbf3767b339c57b2eeebacbf7ffe
sources/Imaging/HomomorphicEnhancement.cs,Imaging,24,13,54.17,45 47 48 49 57 59 60 61 69 84 89,algorithm or executable support,083122f1ba55e1b903c8a323500274c3d7abf3064669ec70340ee9594889c3a0
sources/Imaging/HSBFilter.cs,Imaging,47,40,85.11,38 40 41 49 63 77 91,algorithm or executable support,7292f5a90107c927cbf68c9c99a7a97c36baaf64613ddd607539b914c74e82f1
sources/Imaging/HSBGrayscale.cs,Imaging,61,53,86.89,29 31 32 50 54 55 56 65,algorithm or executable support,cf3ce264d645531e22870231adbdaacb34f7538d357733f56691dec8c92bb47e
sources/Imaging/HSLFilter.cs,Imaging,47,40,85.11,38 40 41 49 63 77 91,algorithm or executable support,55110e5cb34698ebaed85f2d6b59e7601a31d17fe460d026261401942090e066
sources/Imaging/HSLGrayscale.cs,Imaging,61,53,86.89,29 31 32 50 54 55 56 65,algorithm or executable support,972fb0f199a24d029a620d94e2f4d5c0a82d6d275992bc70d8f837854da31694
sources/Imaging/IBitmapFilter.cs,Imaging,0,0,,,"no instrumented sequence points (interface, enum, delegate, or conditional code)",50317a80f771c357b375be2505b13b9ab5a4464861ffecb8cba4ea8dfbaef8c8
sources/Imaging/IBitmapFilter2.cs,Imaging,0,0,,,"no instrumented sequence points (interface, enum, delegate, or conditional code)",a84823645e83455f62264b0b19d1c7d49de30c8eb90dda281b041560b824aa60
sources/Imaging/ICanvas.cs,Imaging,0,0,,,"no instrumented sequence points (interface, enum, delegate, or conditional code)",2b12a37f80100bd597bbbce91656d55948017dd90e389e172e2b6166b9540311
sources/Imaging/Intensity.cs,Imaging,184,169,91.85,234 235 237 239 241 243 245 255 259 261 263 265 267 271 792,algorithm or executable support,649fa2b37205d8f3f4f8512fabe913919ad46923a2c311000734a95cc2507ce6
sources/Imaging/InvertChannels.cs,Imaging,4,3,75.0,22,algorithm or executable support,3132ca40fdedb873642b416acba44326a3f558ecb3896dc7d8f15096ee7a9a89
sources/Imaging/Jitter.cs,Imaging,11,9,81.82,31 39,algorithm or executable support,17dacc056c181e75bfbe896312238445f9ea583c6642b51e9aad6cb616a4ef3b
sources/Imaging/KsiContrastEnhancement.cs,Imaging,22,12,54.55,38 40 41 42 50 52 53 54 62 77,algorithm or executable support,02a22ecde981d0932d3e18d9cea69bed8ea9befa8b0204c3205704a018793299
sources/Imaging/Kuwahara.cs,Imaging,115,97,84.35,42 44 45 46 52 54 55 56 64 77 88 91 190 191 192 193 194 195,algorithm or executable support,5b140362542227283e40dae7f57b1f52b6bfa74ca674b0b92f9ecce32a6fb8c4
sources/Imaging/LevelsCorrection.cs,Imaging,17,11,64.71,35 37 38 39 47 62,algorithm or executable support,83a194b6f557b7cf4f3cb51f1f6ac62ec18fe279aad0b50c287dc86ba27ab4f3
sources/Imaging/LinearCorrection.cs,Imaging,19,11,57.89,24 26 27 40 42 43 51 66,algorithm or executable support,360761869053dcf0dd2a84beef20c59b1592088550239c2330b911f6a8691116
sources/Imaging/LocalContrastEnhancement.cs,Imaging,18,9,50.0,42 44 45 46 53 55 56 57 65,algorithm or executable support,72ddd390ed7eaa7b2fe52660a35ba0458d545235c3d108d218596df8f2611aa4
sources/Imaging/LocalContrastInversion.cs,Imaging,30,15,50.0,43 45 46 47 48 49 57 59 60 61 62 63 71 86 91,algorithm or executable support,3d1bcfaff17b6cae1cfc990c44140a2585f66293e7d0d57ad11cfe8f4e9f7630
sources/Imaging/LocalCorrection.cs,Imaging,164,134,81.71,32 51 53 54 55 56 64 66 67 68 69 76 78 79 80 81 89 93 94 103 117 122 135 138 186 187 188 189 190 191,algorithm or executable support,4437277a571fa18f1eb548b8f834a10e0a332b0acdac5939b4c0f00fba4a9c45
sources/Imaging/LocalHistogramEqualization.cs,Imaging,100,86,86.0,40 42 43 48 50 51 59 85 174 175 176 177 178 179,algorithm or executable support,8c23e07a7dddfa5d69e34d74ddcdc4449585a4dd2abded1b03ee9336a2a1af09
sources/Imaging/LocalHistogramStretch.cs,Imaging,303,273,90.1,52 54 55 56 57 58 66 68 69 70 71 72 80 99 113 127 140 141 143 144 146 148 149 151 153 156 158 159 161 162,algorithm or executable support,b7b9f28610677bd612ebc43bf2285d8a8d1d81ceac30aa24d61a095eb7853eaa
sources/Imaging/LocalThreshold.cs,Imaging,21,10,47.62,40 42 43 44 45 52 54 55 56 57 65,algorithm or executable support,b66c6e3b22a09c5aeca49909bb649d06cbff1ba27a6a777de8016b5e9a2bf0fd
sources/Imaging/LogCorrection.cs,Imaging,16,13,81.25,30 38 53,algorithm or executable support,fa7e52ce2d5d8b4929eae2b2116d5119304816c4a06ba13bdec84624447a824f
sources/Imaging/MaskColorFilter.cs,Imaging,25,23,92.0,38 41,algorithm or executable support,0ea3c5427a95b44b6b2368c053d243a2a8a604d974ab37cbfacc6dae56f5c3aa
sources/Imaging/Median.cs,Imaging,31,22,70.97,41 43 44 88 89 90 91 92 93,algorithm or executable support,c32d2fd1c121355bbe78508c3d94634f0801bb1c472a09a4ecd19cbf742842fa
sources/Imaging/Merge.cs,Imaging,59,49,83.05,25 27 28 34 36 37 38 57 71 86,algorithm or executable support,610294af702bba865f91928a8db8de0c2617c036e14e609fb8f5eccf4f4c7d53
sources/Imaging/Morphology.cs,Imaging,107,80,74.77,30 32 33 34 51 53 54 55 63 87 90 170 171 172 173 174 175 182 183 184 185 186 187 194 195 196 197,algorithm or executable support,cc9002e365b0d82512cff6681387b4019d9b6d0de866c23dd0ebf1b41ffc0407
sources/Imaging/MotionDetector.cs,Imaging,79,62,78.48,104 105 108 110 113 116 121 125 128 129 132 135 136 137 139 169 170,algorithm or executable support,b6fb0b666225890922f2fe8641919d7f5ec2846014a3f569f818f3148c5ee237
sources/Imaging/Noise.cs,Imaging,11,9,81.82,31 39,algorithm or executable support,a34e26352ae3463f02cd17d222653ab375ba6b48ce78b50adf726a7bfd801845
sources/Imaging/NormalBump.cs,Imaging,102,85,83.33,42 47 57 58 65 73 74 84 87 110 111 201 202 203 204 205 206,algorithm or executable support,be9c6d1023c0af11fe62fd110cca6ff093e51ac3f28c7a0597a05873fb64d3f1
sources/Imaging/OilPainting.cs,Imaging,127,109,85.83,44 46 47 48 54 56 57 58 66 83 98 101 211 212 213 214 215 216,algorithm or executable support,bd167ead54e4a43f3f4eea5a28827d0a6c9ef638a679902c6f51f6dcb51feda5
sources/Imaging/Opening.cs,Imaging,37,19,51.35,34 36 37 38 43 45 46 47 55 59 60 61 92 93 94 95 96 97,algorithm or executable support,2cbd5e54c90838c065f117f746c7978ec44183f1f5ac62b2969379623994fc3c
sources/Imaging/Operation.cs,Imaging,31,25,80.65,39 53 68 71 110 130,algorithm or executable support,6e68d12cb563aae041e435138035ab7c5ee060ec370738ce8f43f08ea8262c31
sources/Imaging/PerlinNoise.cs,Imaging,52,48,92.31,38 46 54 62,algorithm or executable support,4e9e957fc86a2e8e7560a1994a8133db6600d92b66ee4c91396799a5570614e1
sources/Imaging/PerspectiveWarp.cs,Imaging,49,41,83.67,19 79 80 81 82 83 84 103,algorithm or executable support,249ec597dc27a5b9105897e92b409c57bef37535acf4e92567a79121caae503d
sources/Imaging/PhotoFilter.cs,Imaging,79,58,73.42,29 31 32 33 34 62 76 90 104 167 177 187 197 207 217 227 237 247 257 267 277,algorithm or executable support,73bc86176b52edd0b52f71943cbb2fdc531e65bf83875b3611d8f2970a4b8c52
sources/Imaging/Pixelate.cs,Imaging,11,9,81.82,31 39,algorithm or executable support,78a67d1e0c20c53c6320c5fe99c25484e6d73a0725e9ff8c8727239633f407eb
sources/Imaging/PointAddition.cs,Imaging,61,46,75.41,31 39 41 42 54 58 59 69 72 131 132 133 134 135 136,algorithm or executable support,b5a10c65f845e1de2ef864f9304b274fa8b724768a396f5019709e3b75396271
sources/Imaging/PointMatrix.cs,Imaging,137,80,58.39,21 23 24 25 26 27 28 29 30 31 32 33 34 36 46 48 49 50 51 52 53 54 55 56 57 58 59 61 72 74 75 76 77 78 79 80 81 82 83 84 85 87 98 100 101 102 103 104 105 106 107 108 109 110 111 113 192,algorithm or executable support,6005c307ee87ee5a47572fd8f706187e7b702710c9c1d53cf5845a23af543c0f
sources/Imaging/PointMultiplication.cs,Imaging,58,43,74.14,31 39 41 42 54 58 59 69 72 127 128 129 130 131 132,algorithm or executable support,fcc2ba963220eda89bce47f49b5f722454d34bc55aa84dbd2f7b662518cb4b1a
sources/Imaging/Points.cs,Imaging,76,57,75.0,72 73 75 77 80 149 151 152 154 155 157 158 159 161 163 174 176 179 190,algorithm or executable support,9b3115c76f183858fc6825401b0142ac27f9a43aca8c4bafc195e2eb621f4d5a
sources/Imaging/Quantization.cs,Imaging,12,8,66.67,32 34 35 43,algorithm or executable support,3da94ce1b07c01fd65b5f163e9b3795c11c2a0572f704038a9f4fbac508908a5
sources/Imaging/Rebuilder.cs,Imaging,0,0,,,"no instrumented sequence points (interface, enum, delegate, or conditional code)",d2c4149576362d5ff11fff812952e76ca9dc1ab2d089e16c2321e2ae9e081066
sources/Imaging/Rectangles.cs,Imaging,143,33,23.08,55 56 58 60 63 74 75 77 79 82 96 97 98 99 100 101 102 112 113 115 116 117 118 119 129 130 131 132 133 143 153 164 165 166 167 170 172 174 177 179 181 182 187 198 199 200 201 204 206 208 211 213 215 216 221 231 232 233 235 236 237 238 239 240 241 252 253 255 256 257 258 259 260 270 271 273 275 278 289 290 292 294 297 333 334 335 336 338 339 341 342 343 344 345 346 347 357 358 359 361 362 363 364 366 367 368 369 370 371 372,algorithm or executable support,3ac5adc8f27ddbb5ffedcc4c5574ff42a47ea75c32a84ca20ef9b5b647ae144f
sources/Imaging/Resize.cs,Imaging,122,115,94.26,36 38 39 40 48 68 84,algorithm or executable support,3ff907d4287ba2a45547499c4d6d798661c71db827136f6b62326bb145d6e0c7
sources/Imaging/RGBA.cs,Imaging,0,0,,,"no instrumented sequence points (interface, enum, delegate, or conditional code)",19c54edf357a0da484324a3dc6bc0cd16363817a8f026ced53fa0d0ad5fc5020
sources/Imaging/RGBFilter.cs,Imaging,31,24,77.42,36 38 39 47 61 75 89,algorithm or executable support,f18f3b4920074514f306111e0bb64107ab3eafe5614b47ad8e2ceb0c4efef75f
sources/Imaging/Rotate.cs,Imaging,211,182,86.26,37 39 40 41 42 50 64 83 99 121 122 123 124 125 126 201 202 203 204 296 297 298 299 308 312 420 421 422 423,algorithm or executable support,a37008e15e315374eb548f36ec8d01c98f632df7f93a1255297dce9007bf296f
sources/Imaging/RotateChannel.cs,Imaging,18,17,94.44,25,algorithm or executable support,371e2f58c5281c33c675bcf2e4909ef30b47f0e15a882565eef98c90341ca5de
sources/Imaging/SaltAndPepper.cs,Imaging,26,19,73.08,26 42 56 67 68 69 70,algorithm or executable support,0c264f569cf805d8a3f8e212cf94617e43d4b3d8acd4485341b1026f95f8834d
sources/Imaging/SaturationCorrection.cs,Imaging,39,34,87.18,31 33 34 42 56,algorithm or executable support,984733229ddaf3fbc492adea474f685bacb68d9db0949a1d1bb012f4bbbe0c34
sources/Imaging/ShadowsHighlightsCorrection.cs,Imaging,25,15,60.0,43 45 46 47 55 57 58 59 67 82,algorithm or executable support,32daafe89c3a4358a4bb46be99e4ed8250ccfacca36850858e79a4690712bfa2
sources/Imaging/Shift.cs,Imaging,60,27,45.0,34 36 37 38 42 79 84 90 91 93 94 96 97 98 100 102 104 106 107 109 111 115 116 118 119 120 123 143 144 145 146 147 148,algorithm or executable support,5c261643b3cf59c651d0ddad5c309b080c680b4500d75b4fdab98048d2837430
sources/Imaging/ShiftCorrection.cs,Imaging,9,8,88.89,33,algorithm or executable support,37104d4bc13448afd6e9b5672ddf860fff94f274e6d0afe056d3ad4568a4b455
sources/Imaging/ShowChannel.cs,Imaging,28,25,89.29,29 37 51,algorithm or executable support,feeba6aa4acbbd9f9f995b0536c85ad93adaca283332948416e5f7a11d0934e4
sources/Imaging/SinCorrection.cs,Imaging,12,8,66.67,28 30 31 39,algorithm or executable support,d33c30ed38ae9d1a0f95e318c79338d15ee742c778f57875bfa8ffc6a858026c
sources/Imaging/SingleScaleRetinex.cs,Imaging,28,16,57.14,45 47 48 49 58 60 61 62 70 85 100 105,algorithm or executable support,54b4159d3aa14e55052447dbbbc847fc8d35fb00a24a881e472219baff1291f4
sources/Imaging/SmartOilPainting.cs,Imaging,116,91,78.45,29 31 32 33 34 54 56 57 58 59 67 82 86 87 96 100 101 111 114 208 209 210 211 212 213,algorithm or executable support,a5afd089c4910fba02ef5bbd07cc4483c6b9ad669386005924d003fd1669a0f5
sources/Imaging/Space.cs,Imaging,0,0,,,"no instrumented sequence points (interface, enum, delegate, or conditional code)",bff6f00322e7d40e8caa8b2fde9cd70b255f6f47aed54e99291b71de6d17b84a
sources/Imaging/Statistics.cs,Imaging,191,109,57.07,23 49 104 105 106 107 165 188 189 191 192 195 197 198 199 200 203 204 213 214 215 216 228 229 231 232 234 236 239 240 241 243 245 247 249 250 251 252 254 255 256 257 258 260 261 262 264 265 268 271 280 281 282 283 297 299 301 304 315 317 319 322 334 366 503 506 509 513 516 518 519 523 525 526 529 570 571 573 575 577 578 582,algorithm or executable support,c93e8f228294e51758fff6fd77466ab08a82533ce6e2dd5f3ffad557237e0a09
sources/Imaging/StereoAnaglyph.cs,Imaging,49,45,91.84,35 36 46 49,algorithm or executable support,291d3e95defdb866b622544e45f27ed83078cbd19cb7e4f2f0f0ba120888f85f
sources/Imaging/StereoDisparity.cs,Imaging,57,56,98.25,110,algorithm or executable support,4c9d97a641b334b8c94760e25671cd6507f2c99b4c91a64b97328cc6b066bd47
sources/Imaging/TemperatureCorrection.cs,Imaging,10,6,60.0,32 34 35 43,algorithm or executable support,59e6766c297350e8da7aac06520ddf27180cc94e12a492167a1ab5da28a932d0
sources/Imaging/TensorMatrix.cs,Imaging,140,138,98.57,36 153,algorithm or executable support,f5ba8b7cb4c3b1ff525c31f49f6744baf3a78d33f72afd318407120a2776eeda
sources/Imaging/TensorTransform.cs,Imaging,52,52,100.0,,algorithm or executable support,0f9590a4e56ceabe6b2f8ad3e1c30d4110810c709d82faf9f527ac00e8aaf093
sources/Imaging/Texturer.cs,Imaging,118,36,30.51,25 27 28 43 51 61 102 114 115 116 118 119 120 121 122 123 124 125 126 127 128 129 130 131 133 143 144 146 147 148 149 150 151 152 153 154 155 156 158 170 171 172 173 175 176 177 178 179 180 181 182 183 184 186 196 197 199 200 201 202 203 204 205 206 207 208 209 211 221 222 224 225 226 227 228 229 230 231 232 233 234 236,algorithm or executable support,fc1b0499a1f6f8a508c43b307bdfad11b154fcc3eef3d6ff76cb0ba3f3bd228d
sources/Imaging/Threshold.cs,Imaging,13,9,69.23,29 31 32 40,algorithm or executable support,497ec585ba701be7720b13584ab836a05325134157e7e3ed863973b9f619f227
sources/Imaging/ToneDiffusionDithering.cs,Imaging,51,25,49.02,25 27 28 29 30 31 32 48 62 93 107 108 111 113 115 119 128 131 133 135 139 147 148 149 150 151,algorithm or executable support,93e55390eb1d140bfcdb81c21439ef4fb4fa30cf53cc9c6a2f6dacfec9d09bd1
sources/Imaging/TopHat.cs,Imaging,37,22,59.46,33 35 36 41 43 44 52 56 57 97 98 99 100 101 102,algorithm or executable support,04c6555ae8aa9d9248a0763b804da782a6f3c822b0dbffd56eb34338896d5d3d
sources/Imaging/TransparencyCorrection.cs,Imaging,27,22,81.48,31 33 34 42 64,algorithm or executable support,88a0a4b3f4d30eb187820cf4ce27d69b9a85bad8ba512c398ff67a8d53e2f774
sources/Imaging/VibranceCorrection.cs,Imaging,37,32,86.49,32 34 35 42 53,algorithm or executable support,88a2b38c71e06abf854a25b5e02342712bb5fc5ea85113a4be74efe02b837fbf
sources/Imaging/Water.cs,Imaging,11,9,81.82,31 39,algorithm or executable support,2f4962fb4dc010e6222013963601cd7ab3e5cb2a325068a65bc410b1d5fe8273
sources/Imaging/Wiener.cs,Imaging,99,82,82.83,42 44 45 46 52 54 55 56 62 70 81 170 171 172 173 174 175,algorithm or executable support,c588b727f8d997f9368b5455bafddca66c8032703d774899dda389b709d3cb2a
sources/Imaging/YCbCrFilter.cs,Imaging,46,39,84.78,37 39 40 48 62 76 90,algorithm or executable support,8dd150d2c4d254e6c56916102e84b56ccbd885a9656d1ea17f9e6ca16cc5ebd0
sources/Imaging/YUVPhotoFilter.cs,Imaging,54,42,77.78,34 36 37 45 59 73 122 124 126 148 158 168,algorithm or executable support,e276077583a4c7c21f45b6b19dc4e48953d1043ed3eb576c59932ed3bdff3b82
sources/Response/FIR.cs,Response,98,92,93.88,252 254 256 257 258 260,algorithm or executable support,1eb4808a30cc0806ea3553744c942650f0f778361e022e1329a1634a638bbde7
sources/Response/IIR.cs,Response,138,138,100.0,,algorithm or executable support,4ffa6d1fb271d4b8407fc33e2cf6f6138da1c47519db0f9f3305c8a4293ae76b
sources/Response/IResponse.cs,Response,0,0,,,"no instrumented sequence points (interface, enum, delegate, or conditional code)",e980e2e3511ecc9821e69726facac6d5bc78ad7942fcc4f6492f9317bd8a80d8
sources/Transform/BilateralFilter.cs,Transform,254,250,98.43,47 61 75 89,algorithm or executable support,508291fe2ddc34248c15fdc616391eeba86d3d796a03d05ef125907e83f6ea42
sources/Transform/BilateralGridFilter.cs,Transform,262,259,98.85,44 59 73,algorithm or executable support,48884dc0de712a4050de56ba8c0898402aeb60ef711e49c87ef094f51076f756
sources/Transform/ChebyshevTransform.cs,Transform,17,17,100.0,,algorithm or executable support,a46dba04c1a9e0c5e07fb333f6bad85329db1ac489c9fbd5308be61d47f4be5e
sources/Transform/CosineTransform.cs,Transform,12,12,100.0,,algorithm or executable support,d9f5e525e44136d35e263ed7b9b7d1bd6c505065341e585c98c58c250da9fb79
sources/Transform/DeltaTransform.cs,Transform,325,325,100.0,,algorithm or executable support,6cb4d8606196b8874e83fe095877bb9af911c55ea9e16d25476c32d78f142d6d
sources/Transform/DomainTransformFilter.cs,Transform,174,170,97.7,46 60 74 88,algorithm or executable support,d47bdf8a00562f57781088c2dd4087282f8f6d0c4c4fcdc85d520374232bc4ed
sources/Transform/FastChebyshevTransform.cs,Transform,26,26,100.0,,algorithm or executable support,d1a8bfd7612f706b6b0dc436e19211395f836bd55bcfce44a366c27e1fbbd6df
sources/Transform/FastCosineTransform.cs,Transform,61,61,100.0,,algorithm or executable support,6fff0816799d6f1a33b9b0635d20f08ed52bd1cf15804c5dccce21e5e97d8a89
sources/Transform/FastFourierTransform.cs,Transform,142,139,97.89,97 232 233,algorithm or executable support,fb2ca0f27894d54c02b352057b4ea6d850e21b7a299aad4912c189092545ad2b
sources/Transform/FastHartleyTransform.cs,Transform,173,169,97.69,46 47 60 61,algorithm or executable support,f34f961fd14155ed84ee0bef1198223eb389b812b9e016b4e0acbf6f83015f9d
sources/Transform/FastHilbertTransform.cs,Transform,13,10,76.92,43 47 48,algorithm or executable support,eed8a350ed0a2f8397969ca8d587608643868f7a736392804ca4dcfaf7ff5566
sources/Transform/FastLaplaceTransform.cs,Transform,19,14,73.68,50 55 67 71 72,algorithm or executable support,92f4fee706beab02b2000ece49b8f167d3bdbe9018928743091cd31e095a418f
sources/Transform/FastSineTransform.cs,Transform,32,32,100.0,,algorithm or executable support,d85a12432b62bfc6617ffefa3213ae92634c2d548d26e28e9c2a18f3e57eb547
sources/Transform/FastWalshHadamardTransform.cs,Transform,35,32,91.43,38 58 84,algorithm or executable support,e1e291a6ef368c20e6eeacd7397d1112ccdbfa317e2d01ffa530fa0b7ec9fffc
sources/Transform/FourierTransform.cs,Transform,12,12,100.0,,algorithm or executable support,c5b6b0837e16f096d491e578da3ad52fd5e395e0b2eed2e3047b13ca2ba4920a
sources/Transform/FrequencyFilter.cs,Transform,59,54,91.53,24 34 39 41 42,algorithm or executable support,2ddcd4d0c62887e44d2fc14dcc4b43f6e2a2b3e408764ffe90932bd1f7b0f7a9
sources/Transform/GaussianPyramidTransform.cs,Transform,164,147,89.63,25 27 28 29 47 52 64 329 330 333 335 337 500 501 504 506 508,algorithm or executable support,63a0e72ae59e6ee01d182281d60ab43ab17a242e9eec1f6dbc7cbff847d3992d
sources/Transform/GuidedFilter.cs,Transform,125,121,96.8,43 60 74 92,algorithm or executable support,e1cde4281e3e7a9a25c134c78bdb5bc1001fe3d42772c1b3c2ab911c865c2357
sources/Transform/HankelTransform.cs,Transform,37,34,91.89,44 48 49,algorithm or executable support,e491d85d7b4001c4cb9fba04b29192c35784572060264779c578a5eaf59657f5
sources/Transform/HartleyTransform.cs,Transform,18,18,100.0,,algorithm or executable support,ba1aa06c363cf77d17f090229c545b58f974bf357af9646ab44f4752b6cff8fd
sources/Transform/HilbertTransform.cs,Transform,25,22,88.0,43 47 48,algorithm or executable support,7bea17da1b7b875d4730cf0790c1c6d7ed4c142b6d9381d90f1f38581194f61f
sources/Transform/IFilter.cs,Transform,0,0,,,"no instrumented sequence points (interface, enum, delegate, or conditional code)",a3c0c4215d3999c41f0bb89af2e346c98d832a52da1197e8de3c56c76e66dcee
sources/Transform/IPyramidTransform.cs,Transform,0,0,,,"no instrumented sequence points (interface, enum, delegate, or conditional code)",461a8d87a2ea639f44c84dde6a22808dc34bb9c9ac7db6231aa6bc8a7df889ad
sources/Transform/ITransform.cs,Transform,0,0,,,"no instrumented sequence points (interface, enum, delegate, or conditional code)",d5b66741f4c56789fefbe218fd02b26196854416fc3831c1844da5f264ea3695
sources/Transform/LaplaceTransform.cs,Transform,27,22,81.48,50 55 67 71 72,algorithm or executable support,0258d985699118ebe1e1abc007393adf374461b8d2391c0db7ac1c3eb541d8b7
sources/Transform/LaplacianPyramidFilter.cs,Transform,48,40,83.33,39 53 139 141 143 164 166 168,algorithm or executable support,2ac0bbb8fbc5f1d7e4accf170d678255f97848f6a2dc73fc70c283676ac8baee
sources/Transform/LaplacianPyramidTransform.cs,Transform,100,75,75.0,25 27 28 29 47 52 64 155 157 160 234 236 239 287 288 290 292 295 296 305 306 308 310 313 314,algorithm or executable support,6e971622b3df0070b671a1f4f47ee754c1981b0a0aab095cc908adbe8301290f
sources/Transform/LocalLaplacianFilter.cs,Transform,111,99,89.19,63 77 91 105 119 144 191 277 331 333 335 337,algorithm or executable support,15a84b4efb54b3a532a1b347977af90cc7c2661b839f530be31be758e45835f9
sources/Transform/MultidimensionalFilter.cs,Transform,20,20,100.0,,algorithm or executable support,e496daae6cc7a2afa0ca12ff2edf27b926bc35365582a16b1d96ff147c2ef1bc
sources/Transform/MultidimensionalPyramidTransform.cs,Transform,44,44,100.0,,algorithm or executable support,7a841d8937d5f07d6c26cab41adb783581fb1ed8eaa8c4d52c3fa51bcafaa851
sources/Transform/MultidimensionalTransform.cs,Transform,44,44,100.0,,algorithm or executable support,e93111a5ee10f4924cf9c6b41b29782fb148d1f84a7014b19a043d924eddda0a
sources/Transform/SineTransform.cs,Transform,11,11,100.0,,algorithm or executable support,aeb4f3af81e3ada3d34118321c1e2102bfe26bc29305ed5aa0aa897a268577b7
sources/Transform/SpectrumType.cs,Transform,0,0,,,"no instrumented sequence points (interface, enum, delegate, or conditional code)",c52c7201ecdc152f42828b380c8f3099134c3c514b996c8a9665ed8c0a378c61
sources/Transform/ThresholdFilter.cs,Transform,79,74,93.67,27 45 59 135 239,algorithm or executable support,610883edb5ce5f280f390957f8b2e6a90800e4e919ec7f0b15ddba0392442f48
sources/Transform/ThresholdMode.cs,Transform,0,0,,,"no instrumented sequence points (interface, enum, delegate, or conditional code)",e4e01a802647db11adf964bf87faba1e31df24d0fb8df6cb24ecef60384ccc22
sources/Transform/TransformBase.cs,Transform,2,2,100.0,,algorithm or executable support,de6639f601e62c22caceb983594c53f7bf537adb33a094329c407f2d1fcea24a
sources/Transform/TransformBaseComplex32.cs,Transform,146,142,97.26,20 29 38 47,algorithm or executable support,a6c5feef8d2337f6d5d99b5782e8aaf9f8bd414cba1d3d8617404ce3e93f35b8
sources/Transform/TransformBaseFloat.cs,Transform,196,196,100.0,,algorithm or executable support,c0d3df63e82dc1d78338b53327585e5000b941e3887497fdfca9344bbf76162c
sources/Transform/TransformBaseMatrix.cs,Transform,4,2,50.0,16 25,algorithm or executable support,6311918769b7ea9fd1926ee1c6ac1838c76d1f4f4489a4e905524505c93f3e0a
sources/Transform/TransformBaseMatrixComplex32.cs,Transform,46,42,91.3,132 141 150 159,algorithm or executable support,7373ceb48f7079d91ddc4480e0f3a68b6e25725338976e40d541dc3d7678e9bb
sources/Transform/TransformBaseMatrixFloat.cs,Transform,84,84,100.0,,algorithm or executable support,540d95b7c896918d3cd45b5ad747663dd906d91f84e1d503ca6241255159bf36
sources/Transform/WalshHadamardTransform.cs,Transform,23,21,91.3,38 84,algorithm or executable support,f75b63b26957614a362bee05122b43ef6ae7c3254bdf1820e9745863ef4692e7
sources/Video/ByteArrayUtils.cs,Video,17,16,94.12,30,in-memory video checks; live HTTP/device/capture integration excluded,ae40bb6e92ada709e143c1f899d338cb54d3044875d53bd6385aa6d3d814529c
sources/Video/DepthEvents.cs,Video,0,0,,,"no instrumented sequence points (interface, enum, delegate, or conditional code)",4786df7a1193df95b6c9a608d1366376b60bffafb046d1c77bfa619d5459d02b
sources/Video/Exceptions.cs,Video,1,1,100.0,,in-memory video checks; live HTTP/device/capture integration excluded,cfe8a89d958dd9953f031f9e7911724f97e3922a6e0afbe44773aa6c6e366eb8
sources/Video/Internal/Boundary.cs,Video,51,42,82.35,92 94 96 98 100 102 107 110 112,in-memory video checks; live HTTP/device/capture integration excluded,f08fcdcfc296d4d5745541155830020d550a984374988ac79c99bfbf82c546e3
sources/Video/Internal/MJPEGStreamParser.cs,Video,69,60,86.96,45 98 113 163 185 201 203 228 236,in-memory video checks; live HTTP/device/capture integration excluded,b200f2e4bd29a96efca791ccae1e4914e668550898da41e1d65e8490bca0ede2
sources/Video/Internal/TimeoutStream.cs,Video,47,13,27.66,46 56 66 76 86 96 107 112 113 123 128 129 137 138 146 147 170 172 173 178 195 204 205 216 220 221 222 223 224 226 227 228 233 238,in-memory video checks; live HTTP/device/capture integration excluded,6cbc7194ab13ba3c294a0b6cf063a44b9a385e3e2a6713a81e78cb5f1ea4ff49
sources/Video/IVideoDepthSource.cs,Video,0,0,,,"no instrumented sequence points (interface, enum, delegate, or conditional code)",70de2b824475d5fb60b617d0542a2551108f723dc83591be0ed79b331020767b
sources/Video/IVideoSource.cs,Video,0,0,,,"no instrumented sequence points (interface, enum, delegate, or conditional code)",72ec8516c3afc0d99367ac2b83d4acf9751b041ef3f2926331a39d28a16e3738
sources/Video/JPEGStream.cs,Video,139,33,23.74,162 163 205 206 272 273 276 296 297 304 329 332 333 335 336 339 342 343 344 345 346 348 363 376 379 381 383 400 402 403 404 406 414 417 418 419 420 428 430 432 434 436 441 443 448 451 454 459 463 465 469 471 472 474 475 477 479 480 481 484 486 487 490 493 495 499 502 505 508 511 514 516 518 520 521 526 529 531 533 534 536 537 539 541 544 546 547 551 553 554 557 559 560 561 564 566 567 568 570 573 577 578 587 588 589 598,in-memory video checks; live HTTP/device/capture integration excluded,f17ad944f88143db796aaecd91df99740d6abdc8d2fe214c62ccf35a7ef054ca
sources/Video/MJPEGStream.cs,Video,165,32,19.39,70 123 126 127 128 136 137 138 179 180 198 199 276 278 283 291 296 313 314 321 346 349 350 352 353 356 357 360 361 362 363 364 366 381 394 397 399 401 418 420 421 422 424 432 435 436 437 438 439 446 450 453 457 459 460 462 464 466 468 470 473 475 477 479 481 483 485 486 487 492 493 494 498 499 500 502 504 507 509 512 513 517 519 520 522 524 528 530 532 539 543 545 546 547 548 550 552 555 557 559 561 564 566 573 575 577 584 586 588 595 596 603 604 605 616 625 626 628 630 631 638 640 642 645 647 655 657 659 668 669 670 679 680,in-memory video checks; live HTTP/device/capture integration excluded,f7c00a3d0fe4837a05454adec7fe1d569a1d1524ffef0e0f4290b7944d380ec8
sources/Video/NewDepthEventArgs.cs,Video,4,4,100.0,,in-memory video checks; live HTTP/device/capture integration excluded,0d9ce8dc109807646ed3215436de02abe2f061974764a0bb325a22ff12398ddc
sources/Video/NewFrameEventArgs.cs,Video,4,4,100.0,,in-memory video checks; live HTTP/device/capture integration excluded,cca79745aacd569715d469bf855105f350f29f095c614257c2ccf37860c68a4e
sources/Video/ReasonToFinishPlaying.cs,Video,0,0,,,"no instrumented sequence points (interface, enum, delegate, or conditional code)",808e48bc92a3a1dffadd846117d8689b96462a17c310e5641a1909cdb8c6cfdb
sources/Video/ScreenCaptureStream.cs,Video,86,22,25.58,96 112 176 177 180 192 194 195 222 224 227 230 231 232 233 234 236 251 264 267 269 271 288 290 291 292 294 302 305 306 307 314 315 316 317 318 320 321 327 330 335 338 342 345 348 351 353 354 356 357 359 361 364 366 367 370 375 376 378 379 388 389 390 399,in-memory video checks; live HTTP/device/capture integration excluded,f0a29d8b87870d3d3f7654c9246b64ca920bcf868490bdb791dcc1a7431b3f5c
sources/Video/VideoCapabilities.cs,Video,26,10,38.46,40 71 84 86 89 99 113 115 119 121 124 137 146 147 148 149,in-memory video checks; live HTTP/device/capture integration excluded,8c03dffb46bff284944a7da27f7c6fbcd41c67504155d30283bd09f77d3a96cc
sources/Video/VideoEvents.cs,Video,0,0,,,"no instrumented sequence points (interface, enum, delegate, or conditional code)",4122b2eccc62cb435edd0653176083c6b5243487cd4bcbbcdda41c9a1ba115d0
sources/Video/VideoImageDepthSource.cs,Video,77,67,87.01,115 140 155 260 262 263 294 305 338 339,in-memory video checks; live HTTP/device/capture integration excluded,224d3b92c24a056e4ce029a2b19fcc14a0cd36c9c22f8839ad59692c833959ca
sources/Video/VideoImageSource.cs,Video,64,55,85.94,92 107 207 209 210 241 252 285 286,in-memory video checks; live HTTP/device/capture integration excluded,d445fdc5b7e2e85e2bb698bafd0614ae1113e145073947992d201c8b6828fd56
sources/Video/VideoSourceErrorEventArgs.cs,Video,7,7,100.0,,in-memory video checks; live HTTP/device/capture integration excluded,8ca0b77f8e3cfc421d7bf497ff696fa24028441cf834d4d63b9b5e8007862fdf
sources/Visualization/Figure.cs,Visualization,405,359,88.64,69 70 72 73 75 76 89 90 92 93 95 96 105 109 110 112 113 122 126 127 129 130 192 193 194 241 242 354 355 363 425 426 872 874 875 932 933 934 936 937 938 944 945 1055 1058 1063,algorithm or executable support,abadc001a01e1247d3a71f3806421952c798409d7135dc9de91c2ff5f432d098
sources/Visualization/FigureStyle.cs,Visualization,187,45,24.06,129 130 141 142 143 144 145 146 147 148 149 150 151 152 153 154 164 165 166 167 168 169 170 171 172 173 174 175 176 177 187 188 189 190 191 192 193 194 195 196 197 198 199 200 210 211 212 213 214 215 216 217 218 219 220 221 222 223 256 257 258 259 260 261 262 263 264 265 266 267 268 269 279 280 281 282 283 284 285 286 287 288 289 290 291 292 302 303 304 305 306 307 308 309 310 311 312 313 314 315 325 326 327 328 329 330 331 332 333 334 335 336 337 338 348 349 350 351 352 353 354 355 356 357 358 359 360 361 371 372 373 374 375 376 377 378 379 380 381 382 383 384,algorithm or executable support,9d48a627761b9c1e076ae1aec393e9da2d1bc6a6849b032f8e9eb19e5a36524f
sources/Visualization/Grid.cs,Visualization,6,6,100.0,,algorithm or executable support,fb7ba9c960073ff20f78dfd6d1d2a605f1ba6f99648fc667d46980ff24960f46
sources/Visualization/GridStyle.cs,Visualization,0,0,,,"no instrumented sequence points (interface, enum, delegate, or conditional code)",14ff2254377523509c08164d78b7873f6e42481fcdf13327fc4e5902a78fd853
sources/Visualization/Legend.cs,Visualization,9,9,100.0,,algorithm or executable support,25b77992f2157a2787528d7201e5f72f675f6d7640eb16cb8db3c30b076ddb6b
sources/Visualization/LegendAnchor.cs,Visualization,0,0,,,"no instrumented sequence points (interface, enum, delegate, or conditional code)",5e70645d09dc1b7a06da3e5537efeb68ddc08a8d8bde2d0f9d0d0f42ab5aba5e
sources/Visualization/PaintData.cs,Visualization,5,5,100.0,,algorithm or executable support,554da740394afb5ecc076c8ef0bacf218cce21e85e8bd62df721a06a41a8622b
sources/Visualization/Painter.cs,Visualization,123,111,90.24,68 70 72 73 214 243 244 245 246 247 333 334,algorithm or executable support,49a771d0001ce02774740eb9b174ce472c952ba7a7a9013d9511c6a06136e44e
sources/Visualization/PlotSeries.cs,Visualization,25,16,64.0,43 45 46 47 48 49 50 51 52,algorithm or executable support,f4677d04f90422a9c358325e83243d0b3962fab3f4f63f6f722e5e7cdfa6da89
sources/Visualization/Points.cs,Visualization,27,24,88.89,127 150 167,algorithm or executable support,5e6adda3391ba4a48e079b6a2bf34942dc23f718e6ca0a60aae1306bf7687052
sources/Visualization/SeriesType.cs,Visualization,0,0,,,"no instrumented sequence points (interface, enum, delegate, or conditional code)",986fcbd53a6c66f8429e3e51fd67eb36307253d4bcd59007d037efb177f8db93
sources/Visualization/ShapeType.cs,Visualization,0,0,,,"no instrumented sequence points (interface, enum, delegate, or conditional code)",bff79043e87116ba4b9c525d16f352638a896bc18de72baae2eb39d988466179
sources/Wavelet/ComplexGaussian.cs,Wavelet,31,29,93.55,32 37,algorithm or executable support,85e4ec2bc6f2a8b4b1950a5701cf661ceecb1252a1afa05e8eb631e1e6a5454b
sources/Wavelet/ComplexMorlet.cs,Wavelet,19,14,73.68,34 48 62 73 75,algorithm or executable support,05b976792968a57a095b6e7ecd7dff60dad56dd36941b985ed66fcbb436fd486
sources/Wavelet/Discrete/WaveletPacket.BattleLemarie.cs,Wavelet,12,12,100.0,,algorithm or executable support,e40dcd124a6b7ddb4b7bd7e79a2a7f782dbabee33f6a9d2a837eae0a2193512e
sources/Wavelet/Discrete/WaveletPacket.Beylkin.cs,Wavelet,4,4,100.0,,algorithm or executable support,4ac60d7bbfce5977e33fb3c08edaccf6a278d94ee5f395587e8e764550af38e6
sources/Wavelet/Discrete/WaveletPacket.Bior.cs,Wavelet,167,167,100.0,,algorithm or executable support,fbde15024174c554919224d8a004156ed5763bf7afb2c8e2ad035e62bbd66b47
sources/Wavelet/Discrete/WaveletPacket.CDF.cs,Wavelet,286,286,100.0,,algorithm or executable support,1cc7d684433039515ada237b29069dadd6b3219c128d8f9a6958f6f3f7776053
sources/Wavelet/Discrete/WaveletPacket.Coiflet.cs,Wavelet,95,95,100.0,,algorithm or executable support,b88d9dab5cf3390c9a632f7c8d47db1f642a3f13c441e50baede79e4bd85b327
sources/Wavelet/Discrete/WaveletPacket.Daubechie.cs,Wavelet,1602,1602,100.0,,algorithm or executable support,3ebe99b799a2f7747590d6fb4f37dcef99964589edcdb8ab938a1b9cf4a171de
sources/Wavelet/Discrete/WaveletPacket.Fbsp.cs,Wavelet,3,3,100.0,,algorithm or executable support,1c7386c48314eaff737918ce7fb01c6a5b8bf6ffcfcd49de59a8df3746f8e41d
sources/Wavelet/Discrete/WaveletPacket.FejerKorovkin.cs,Wavelet,115,115,100.0,,algorithm or executable support,d45759e87270c1443b87a146d0696f40a75aa1029396805683cd82127a7b6aff
sources/Wavelet/Discrete/WaveletPacket.GaborZak.cs,Wavelet,272,264,97.06,360 361 382 383 384 385 386 387,algorithm or executable support,f902bb09f890bb3b44369fe5993ba483018d0c8da994b1d1f4b8dd2c5cb5838a
sources/Wavelet/Discrete/WaveletPacket.Haar.cs,Wavelet,1,1,100.0,,algorithm or executable support,89a51cc41510414662023c3cf4cfd882b7eb6429309fb6c6d02e93a0d47dd95d
sources/Wavelet/Discrete/WaveletPacket.Kravchenko.cs,Wavelet,73,73,100.0,,algorithm or executable support,526b39cadeb0ecf7bfe82edccba90faa0d0c7ca6b715213dce88ae3f4bba1df3
sources/Wavelet/Discrete/WaveletPacket.Legendre.cs,Wavelet,100,100,100.0,,algorithm or executable support,27874fbc4aa521d2fa02e63456bba06bfb3a85b1543014c9af87855080f920f3
sources/Wavelet/Discrete/WaveletPacket.Meyer.cs,Wavelet,210,210,100.0,,algorithm or executable support,2ab22427ef9075727d57f84d3ade424334dbc4641146bcd579c3882182ada039
sources/Wavelet/Discrete/WaveletPacket.Symlet.cs,Wavelet,110,110,100.0,,algorithm or executable support,e05018d1ad7af9d5f3cbcbf597d8f197c793e7790f8fb9c4d8c18f7f3ba6a218
sources/Wavelet/Discrete/WaveletPacket.Vaidyanathan.cs,Wavelet,4,4,100.0,,algorithm or executable support,ce1b5f4719a10eb88724d6ed603de3e2fea9222892efacc3ad83431173c68f2c
sources/Wavelet/EdgeAvoidingWaveletDecomposition.cs,Wavelet,84,80,95.24,43 57 71 76,algorithm or executable support,2cebc5670bce5e97213182143e059eab8e1a61be14b00d822e196fc39afec24f
sources/Wavelet/EdgeAvoidingWaveletFilter.cs,Wavelet,44,42,95.45,40 54,algorithm or executable support,36749658173f69230cf01733acf0a4087b5a543f3cb3fca77c4f282636b3ad09
sources/Wavelet/Fbsp.cs,Wavelet,21,16,76.19,36 41 53 67 81,algorithm or executable support,28e44b8d041669022c7c775183c2517c66892dddd1e5b812e314aa5acdb679b1
sources/Wavelet/Gabor.cs,Wavelet,17,13,76.47,37 51 65 80,algorithm or executable support,d1ef89f89aa11e1461dc756b4ace9c43049f7408bb42e7052a7532a8d25673ee
sources/Wavelet/Gaussian.cs,Wavelet,29,27,93.1,32 37,algorithm or executable support,6882b899b413a2f6ed76d31d143df8a731b717d5ab518b6846f27667a2502931
sources/Wavelet/Haar.cs,Wavelet,7,7,100.0,,algorithm or executable support,11701f84f4dc85c12ba376b0f6a12904ecc2c1045e6a7e30d41f876c1de85e68
sources/Wavelet/Hermitian.cs,Wavelet,19,16,84.21,32 37 49,algorithm or executable support,10c3b7affa7dd3ca9f73cd38dd4500e49f4d6d128ce84778023c65a5c6eaaded
sources/Wavelet/HermitianHat.cs,Wavelet,5,4,80.0,24,algorithm or executable support,fb60d3440f483de888cf7784597596b7591c4d34d49ba56ab0e12e374abfd9ee
sources/Wavelet/IWaveletComplex32.cs,Wavelet,0,0,,,"no instrumented sequence points (interface, enum, delegate, or conditional code)",3b06e5a084bec28a04db8d2ca6398f76d1b4f6eb083f71615054a9ec2dab0811
sources/Wavelet/IWaveletFloat.cs,Wavelet,0,0,,,"no instrumented sequence points (interface, enum, delegate, or conditional code)",db8f60e01f671cc359423a3c0e5f5b9c5d21a082b9fec12e6774ab7022865de6
sources/Wavelet/IWaveletTransform.cs,Wavelet,0,0,,,"no instrumented sequence points (interface, enum, delegate, or conditional code)",ae0f971696e202bb8f4afd71de381a1d2f9ca3b76021a198f3522d05addaa1ca
sources/Wavelet/MexicanHat.cs,Wavelet,4,3,75.0,24,algorithm or executable support,87a6f12c1e6482646e8fc7aee47200339398dad5b159eaed97b1abee57930b62
sources/Wavelet/Meyer.cs,Wavelet,12,11,91.67,28,algorithm or executable support,efee59a0a02c63895c212e3a01781d0684538eaf2d907168f04eac78a0bd78b7
sources/Wavelet/Morlet.cs,Wavelet,10,8,80.0,32 46,algorithm or executable support,ac18600b46d5524a43d96aceccef85213ebeb1a350385e66103af1f39ed078f6
sources/Wavelet/Poisson.cs,Wavelet,12,9,75.0,32 37 49,algorithm or executable support,957aafb431ec784ceb6d795307d90daea3e8b25edd0ed500029e811782e2c652
sources/Wavelet/Shannon.cs,Wavelet,4,3,75.0,24,algorithm or executable support,75112927cbe48a288b05d8674d45d6c37af188721e62933efaccebce31665bce
sources/Wavelet/WaveletDecomposition.cs,Wavelet,304,301,99.01,50 62 76,algorithm or executable support,39eb5c4eb00f682a89ef9b1eebf3d1224f8479f5a401005b313c872bfc3b123d
sources/Wavelet/WaveletFilter.cs,Wavelet,84,84,100.0,,algorithm or executable support,1750fb2ca5ed8f2900f214387f64ddbf0358643d9b96d8b1455a9ee4c509e082
sources/Wavelet/WaveletPacket.cs,Wavelet,47,29,61.7,47 48 61 62 75 76 89 90 159 160 161 162 163 187 188 189 190 191,algorithm or executable support,b4e2ac2319ef0fd009a85a98547a0aa946748e4821603a570834534ff431c52a
sources/Wavelet/WaveletTransform.cs,Wavelet,127,126,99.21,39,algorithm or executable support,cbaad62d1165d0b9a4ba5bc65e723afaf00cdeb1ca9b2477d50d39be182b1576
sources/Window/BartlettHann.cs,Window,8,8,100.0,,algorithm or executable support,938d9bc741725b95f74c361aebe26596fb9cda117eb14bd4ab2174e01169afc5
sources/Window/Blackman.cs,Window,7,7,100.0,,algorithm or executable support,76e3c3012d33976081ad05c7baff7eccc0941eba5f7d303992cd24942a6d943e
sources/Window/BlackmanHarris.cs,Window,7,7,100.0,,algorithm or executable support,a3be7dbd8f5077ab09c94f073582d192e7819e3a20818038e060ac0b40cf9a5f
sources/Window/BlackmanNuttall.cs,Window,7,7,100.0,,algorithm or executable support,3bd642adc029a93e35336ea40f68acbad2e3e23f0038560d4ea879b7c01fc69c
sources/Window/Confined.cs,Window,23,22,95.65,48,algorithm or executable support,aaa4bcfde976c5305e47cff8b39fe8610b494d6afbd48fc1a4a0484a3002a013
sources/Window/Cosine.cs,Window,8,8,100.0,,algorithm or executable support,3bce3cd4f72e69d936c40fb18e4634fb8af78d49565070aecaeaab2e3e7f0984
sources/Window/FastRealWeylHeisenbergTransform.cs,Window,702,702,100.0,,algorithm or executable support,6d1010591fa172804b207256b0cc5e10ef0e6a1e937fc858e99d55feee837630
sources/Window/FastRealWeylHeisenbergTransform.Hartley.cs,Window,293,293,100.0,,algorithm or executable support,bbdf9a8c0c2d2dfa2cb2675fd158eccccb0a4deab81442c221339ea3d1ed4f87
sources/Window/FastShortTimeFourierTransform.cs,Window,36,31,86.11,44 48 49 58 106,algorithm or executable support,6cc7ab59ad6c00fa6b48bed466b64cb2385dfc8f949e1c50b6ee42c2d96f5b36
sources/Window/FastWeylHeisenbergTransform.cs,Window,194,194,100.0,,algorithm or executable support,5365c32c7774e31d9f86ecf1b91f4aa6a4cdfaacbd424adcbae3713767cb6372
sources/Window/FastWeylHeisenbergTransform.Fourier.cs,Window,149,149,100.0,,algorithm or executable support,8f542ff265a157f2bfcf494d96f87a8d7608f7ae252641fa8e930d98e691c645
sources/Window/FastZakTransform.cs,Window,105,75,71.43,42 223 224 226 227 228 229 233 234 236 237 239 244 247 248 250 253 254 256 257 259 260 261 266 267 269 270 271 272 274,algorithm or executable support,a3dad1951cddf4c3aa27d11d41d3a64c4a3d8fa08adb9bffa7bed737e50ba390
sources/Window/FlatTop.cs,Window,7,7,100.0,,algorithm or executable support,cf6101d802400414682b31cbf40bf5b7425f2548fe59aacafdcce75cbda64490
sources/Window/Gabor.cs,Window,18,14,77.78,34 39 78 79,algorithm or executable support,5b2459a3111524839f94666a739a214d3700bc0228d0af26d60d2ee6fd31894d
sources/Window/Hamming.cs,Window,7,7,100.0,,algorithm or executable support,56f73ce44eeedfc4250061d952746d47bb0bd49927890cd0984a550a8be25ab3
sources/Window/Hann.cs,Window,7,7,100.0,,algorithm or executable support,28b34df8433893e47bcc5fd2b7eafdfd77017c87574135ef58d06cb0b28f97f8
sources/Window/IWindow.cs,Window,0,0,,,"no instrumented sequence points (interface, enum, delegate, or conditional code)",d7141d1d03d0ca5c17684ad49d84666d2832a1f58ce8efe5624e013888e22dea
sources/Window/IWindowTransform.cs,Window,0,0,,,"no instrumented sequence points (interface, enum, delegate, or conditional code)",fe37e6e46c1f807b4c6aed7bdf44eb20d2a153cdae50d0d91063237685509267
sources/Window/IZakTransform.cs,Window,0,0,,,"no instrumented sequence points (interface, enum, delegate, or conditional code)",411dbbcb4c9f3bcb47821b53677e42658d71b713c236c06b4ae3f65362cab977
sources/Window/Kaiser.cs,Window,17,16,94.12,34,algorithm or executable support,16e15a9928605dd3050313ca5bbb13929f6119aceeffab3e46c7e1ebffdb0151
sources/Window/Lanczos.cs,Window,7,7,100.0,,algorithm or executable support,e77060463545e46ed965d5bb027d1c4ebcdafa25d26dc745ee69615a0900a3e5
sources/Window/Normal.cs,Window,21,16,76.19,37 42 54 58 59,algorithm or executable support,abc456fd90663e795ab32c1de39bd74dbf386dfbdcc4ff7f47a7228650e76ab4
sources/Window/Nuttall.cs,Window,7,7,100.0,,algorithm or executable support,d2eeb47b37871b717c9404ae536bd00b8d85dc6e54d193413e730a9e92eae1b9
sources/Window/Parzen.cs,Window,17,16,94.12,46,algorithm or executable support,f3532eba09f50b9363f63de3cc416479479c2fabc068547f8d475261baa5d1e1
sources/Window/Planck.cs,Window,26,24,92.31,34 85,algorithm or executable support,3bb9b52216cbe6e86b557c4c059ac3ee4d3830362a5374db1878a9921b90cbb2
sources/Window/RealWeylHeisenbergTransform.cs,Window,96,91,94.79,48 53 63 88 211,algorithm or executable support,e3c4c9ab55b267aae41dd34a62fb19b027178d06599467c7df6629a81376b21b
sources/Window/ShortTimeFourierTransform.cs,Window,36,31,86.11,44 48 49 58 106,algorithm or executable support,f373b94141e8a57d8c94a055fb76b0d36ce7f65c81831f915f7de776cac243eb
sources/Window/Sine.cs,Window,8,8,100.0,,algorithm or executable support,edb8b419d79aa120d36d6f18abbea72337e1a8088a53f1b2b2ee5a4667ef1001
sources/Window/Tukey.cs,Window,22,20,90.91,34 68,algorithm or executable support,28c56d315ef49bf6512ae8161c3894e3f65b8f201d957650aecc8e28fabb9885
sources/Window/Welch.cs,Window,9,9,100.0,,algorithm or executable support,b5fa8b71ae8fb5ef94fdafb200fc427dc853677ebf657f2fa8730ffe9c406394
sources/Window/WeylHeisenbergTransform.cs,Window,71,65,91.55,47 52 62 82 149 161,algorithm or executable support,9346604bf1b887b3d3cef9a36c611c64e077d004341caa4276d3ca560f378f6b
sources/Window/WindowBase.cs,Window,13,13,100.0,,algorithm or executable support,2fe3d6f45b75b25802c0f4320ccbb4f5e75596d861b67318e312c1674e09bb01
sources/Window/ZakTransform.cs,Window,105,75,71.43,42 223 224 226 227 228 229 233 234 236 237 239 244 247 248 250 253 254 256 257 259 260 261 266 267 269 270 271 272 274,algorithm or executable support,436077af7a0f0cd76c7589e34717f0b1a70a37f1bf84e1bcb69f37385cb61290
